	Unnamed: 0	path	sentence	sentence_domain	up_votes	down_votes	age	gender	accents	variant	locale	segment
138076	418241	common_voice_en_18946796.mp3	They are mostly found on weakly electric fishes such as gymnotiforms and mormyrids.		2	0	thirties	male_masculine	india and south asia (india, pakistan, sri lanka)		en	
464842	940149	common_voice_en_27147295.mp3	Today, the entire line is unfit for oil transport.		2	0	twenties	female_feminine	india and south asia (india, pakistan, sri lanka)		en	
401686	847093	common_voice_en_22441052.mp3	Public high school students who reside there attend Maine East High School.		2	0	twenties	female_feminine	india and south asia (india, pakistan, sri lanka)		en	
424787	872445	common_voice_en_27474289.mp3	This being so, he should be in a position to supply the demand.		2	1	twenties	male_masculine	india and south asia (india, pakistan, sri lanka)		en	
249762	612529	common_voice_en_21269344.mp3	Think prog-rock bollocks, baby!		2	1	twenties	female_feminine	india and south asia (india, pakistan, sri lanka)		en	
368038	798297	common_voice_en_22299599.mp3	This work includes education, lobbying government, activism and community work.		2	1	twenties	male_masculine	india and south asia (india, pakistan, sri lanka)		en	
272016	650481	common_voice_en_21926205.mp3	Carter was born in Denver, Colorado.		2	0	twenties	male_masculine	india and south asia (india, pakistan, sri lanka)		en	
471695	947002	common_voice_en_27036278.mp3	There is a roundabout as in the apparatus for second childhood.		2	0	twenties	male_masculine	india and south asia (india, pakistan, sri lanka)		en	
316751	718827	common_voice_en_23541084.mp3	It is the band's best-selling album to date.		2	0	twenties	male_masculine	india and south asia (india, pakistan, sri lanka)		en	
159562	457472	common_voice_en_18666500.mp3	It is the biggest telescope in the world.		2	1	twenties	male_masculine	india and south asia (india, pakistan, sri lanka)		en	
55223	241844	common_voice_en_20393874.mp3	AudioNova Group is Sonova's international professional service network of hearing care providers.		2	0	twenties	female_feminine	india and south asia (india, pakistan, sri lanka)		en	
325564	733975	common_voice_en_26984548.mp3	Following Harding's death, Britton wrote what is considered to be the first kiss-and-tell book.		2	0	thirties	male_masculine	india and south asia (india, pakistan, sri lanka)		en	
193679	516851	common_voice_en_20063482.mp3	From there, Kanazawa believes the Jion kata were spread into the Tomari region.		2	0	thirties	male_masculine	india and south asia (india, pakistan, sri lanka)		en	
367876	798135	common_voice_en_22292494.mp3	The terms latent and sensible are correlative.		2	1	twenties	male_masculine	india and south asia (india, pakistan, sri lanka)		en	
423668	871326	common_voice_en_27186287.mp3	The other half of the prize was awarded to Roy J. Glauber.		2	1	twenties	male_masculine	india and south asia (india, pakistan, sri lanka)		en	
324139	732549	common_voice_en_21753148.mp3	The Dutch sent a warship to Aves.		2	0	thirties	female_feminine	india and south asia (india, pakistan, sri lanka)		en	
476573	956312	common_voice_en_27075238.mp3	Polkas almost always have a time signature.		2	0	twenties	female_feminine	india and south asia (india, pakistan, sri lanka)		en	
463858	939162	common_voice_en_22320019.mp3	Lostprophets confirmed that they would tour Australia.		2	0	twenties	female_feminine	india and south asia (india, pakistan, sri lanka)		en	
272099	650564	common_voice_en_22027741.mp3	Southwark tube station is at the western end.		2	0	twenties	male_masculine	india and south asia (india, pakistan, sri lanka)		en	
168200	471981	common_voice_en_21943612.mp3	The Valley Center school district mascot is the Hornets.		2	0	twenties	male_masculine	india and south asia (india, pakistan, sri lanka)		en	
378094	811640	common_voice_en_22334552.mp3	Free refers to independence of the university from both the State and Church.		2	0	twenties	male_masculine	india and south asia (india, pakistan, sri lanka)		en	
317143	719219	common_voice_en_23619619.mp3	He publicly accused his second in command, Francis Shackleton, of the theft.		2	0	twenties	male_masculine	india and south asia (india, pakistan, sri lanka)		en	
362013	787711	common_voice_en_27228398.mp3	The district includes some of the finest examples of brownstones with large front gardens.		2	1	fourties	female_feminine	india and south asia (india, pakistan, sri lanka)		en	
475414	950721	common_voice_en_27460963.mp3	Niki Karimi was born and raised in Tehran, Iran.		2	1	twenties	male_masculine	india and south asia (india, pakistan, sri lanka)		en	
471521	946828	common_voice_en_27013405.mp3	Her part in the Midgley household was paramount.		2	0	twenties	male_masculine	india and south asia (india, pakistan, sri lanka)		en	
472923	948230	common_voice_en_27230055.mp3	The second was built with a widened Cromwell track and different armoured skirts.		2	0	twenties	male_masculine	india and south asia (india, pakistan, sri lanka)		en	
219652	563719	common_voice_en_23627651.mp3	However, the height of the cross and foggy weather made filming difficult.		2	0	twenties	male_masculine	india and south asia (india, pakistan, sri lanka)		en	
236115	590116	common_voice_en_25273741.mp3	Occasionally adults will consume insects, especially caterpillars, as well as fruits.		2	0	twenties	male_masculine	india and south asia (india, pakistan, sri lanka)		en	
323966	732376	common_voice_en_21721940.mp3	It was well received, although it didn't achieve their earlier chart success.		2	0	thirties	female_feminine	india and south asia (india, pakistan, sri lanka)		en	
105835	355900	common_voice_en_23583167.mp3	He reached the rank of Captain and was awarded the Military Cross.		2	0	twenties	male_masculine	india and south asia (india, pakistan, sri lanka)		en	
20522	137613	common_voice_en_32321973.mp3	Belfort retired from the stage due to ill health.		2	0	thirties	male_masculine	india and south asia (india, pakistan, sri lanka)		en	
409127	854538	common_voice_en_27474033.mp3	His wife eventually fled to Hungary to avoid further trouble.		2	0	twenties	female_feminine	india and south asia (india, pakistan, sri lanka)		en	
343240	762586	common_voice_en_23353731.mp3	The mountain was called the Mysian Olympus by the Romans who lived there before.		2	1	thirties	male_masculine	india and south asia (india, pakistan, sri lanka)		en	
342897	762243	common_voice_en_23349140.mp3	Bland, with whom he had three daughters and a son.		2	0	thirties	male_masculine	india and south asia (india, pakistan, sri lanka)		en	
408890	854301	common_voice_en_27410951.mp3	He earned his first career strikeout against Royals shortstop Kurt Stillwell.		2	1	twenties	female_feminine	india and south asia (india, pakistan, sri lanka)		en	
407644	853055	common_voice_en_27085968.mp3	The Schoharie Creek flows northward through the town.		2	0	twenties	female_feminine	india and south asia (india, pakistan, sri lanka)		en	
184487	500341	common_voice_en_21846456.mp3	Gagauz is a distinct language from Balkan Gagauz Turkish.		2	1	twenties	male_masculine	india and south asia (india, pakistan, sri lanka)		en	
408493	853904	common_voice_en_27289301.mp3	Here they lived a hermitic penitential life characterised by prayer, manual work and silence.		2	0	twenties	female_feminine	india and south asia (india, pakistan, sri lanka)		en	
432210	880243	common_voice_en_27274338.mp3	Unser said that he wanted to come back, but it would never happen.		2	0	twenties	female_feminine	india and south asia (india, pakistan, sri lanka)		en	
401829	847236	common_voice_en_22448162.mp3	A sagittal crest developed in older individuals and extends over the brow ridges.		2	0	twenties	female_feminine	india and south asia (india, pakistan, sri lanka)		en	
476245	955984	common_voice_en_27038738.mp3	I want to go to the Mediterranean and Italy.		2	1	twenties	female_feminine	india and south asia (india, pakistan, sri lanka)		en	
179058	491963	common_voice_en_19310868.mp3	Tepoto Atoll is permanently uninhabited.		2	0	twenties	male_masculine	india and south asia (india, pakistan, sri lanka)		en	
476306	956045	common_voice_en_27039167.mp3	Is all the hype justified?		2	0	twenties	female_feminine	india and south asia (india, pakistan, sri lanka)		en	
450422	913654	common_voice_en_27249710.mp3	Othon met him while the little robosurgeon was treating Bari, his crippled son.		2	1	twenties	female_feminine	india and south asia (india, pakistan, sri lanka)		en	
123603	393339	common_voice_en_20386925.mp3	The Korean forces also discovered Chinese and Korean captives there.		2	0	twenties	male_masculine	india and south asia (india, pakistan, sri lanka)		en	
280802	662985	common_voice_en_29403814.mp3	As a zealous churchman and Protestant he still possessed a following.		2	0	thirties	male_masculine	india and south asia (india, pakistan, sri lanka)		en	
388096	831050	common_voice_en_22306534.mp3	However, Weld was not ready to move and both families remained in Lenawee.		2	0	twenties	female_feminine	india and south asia (india, pakistan, sri lanka)		en	
409042	854453	common_voice_en_27430146.mp3	This condition is determined by a single polymorphism.		2	0	twenties	female_feminine	india and south asia (india, pakistan, sri lanka)		en	
307028	699086	common_voice_en_24026666.mp3	He resides with his long-time wife, Kit.		2	0	twenties	male_masculine	india and south asia (india, pakistan, sri lanka)		en	
20730	138616	common_voice_en_19673994.mp3	Three main routes for the Main South Line were reported on by Mr. Woore.		2	0	twenties	male_masculine	india and south asia (india, pakistan, sri lanka)		en	
277832	659427	common_voice_en_27016670.mp3	The County levies a property tax.		2	0	twenties	male_masculine	india and south asia (india, pakistan, sri lanka)		en	
49224	226281	common_voice_en_23382337.mp3	He fought in several bloody battles.		2	0	twenties	male_masculine	india and south asia (india, pakistan, sri lanka)		en	
7303	72296	common_voice_en_28565796.mp3	They have a short pale supercilium, and the bill is strong and pointed.		2	1	thirties	male_masculine	india and south asia (india, pakistan, sri lanka)		en	
41117	204010	common_voice_en_22257777.mp3	Its lyrics were written by Ashley Cartwright of The Shakes.		2	1	twenties	male_masculine	india and south asia (india, pakistan, sri lanka)		en	
477419	957158	common_voice_en_27155647.mp3	The resettlement idea did not get implemented.		3	0	twenties	female_feminine	india and south asia (india, pakistan, sri lanka)		en	
222002	566776	common_voice_en_23594073.mp3	Realizing their fate, they call their families to say goodbye.		2	0	thirties	male_masculine	india and south asia (india, pakistan, sri lanka)		en	
476742	956481	common_voice_en_27077793.mp3	Like Pratchett, he used unique fonts for many of his supporting cast.		2	0	twenties	female_feminine	india and south asia (india, pakistan, sri lanka)		en	
433369	881402	common_voice_en_27521902.mp3	The dungeon level consists of slave quarters, torture chambers, and caverns.		2	0	twenties	female_feminine	india and south asia (india, pakistan, sri lanka)		en	
450059	913291	common_voice_en_27214453.mp3	This film is now in the public domain.		2	0	twenties	female_feminine	india and south asia (india, pakistan, sri lanka)		en	
471793	947100	common_voice_en_27040689.mp3	It also occurs in some crystalline schist.		2	0	twenties	male_masculine	india and south asia (india, pakistan, sri lanka)		en	
450765	913997	common_voice_en_27291998.mp3	Flint squeezes the poison out of the wound, saving Cramden's life.		2	1	twenties	female_feminine	india and south asia (india, pakistan, sri lanka)		en	
451674	914906	common_voice_en_27407331.mp3	A Texan, he has degrees in mathematics and physics.		2	0	twenties	female_feminine	india and south asia (india, pakistan, sri lanka)		en	
16025	119153	common_voice_en_19673166.mp3	He created the first shop for paperbacks.		2	0	twenties	male_masculine	india and south asia (india, pakistan, sri lanka)		en	
452197	915429	common_voice_en_27482453.mp3	Several ways of testing exist.		2	0	twenties	female_feminine	india and south asia (india, pakistan, sri lanka)		en	
422772	870430	common_voice_en_27046399.mp3	That's What I Call Love written by Neil Finn and Paul Hester.		2	0	twenties	male_masculine	india and south asia (india, pakistan, sri lanka)		en	
325814	734225	common_voice_en_28710189.mp3	Heller was born in Teschen, Austrian Silesia.		2	0	thirties	male_masculine	india and south asia (india, pakistan, sri lanka)		en	
424190	871848	common_voice_en_27209907.mp3	But Ampata feels too much for Xander and leaves for the museum.		2	1	twenties	male_masculine	india and south asia (india, pakistan, sri lanka)		en	
154046	447910	common_voice_en_23709112.mp3	After his death, a memorial fund was set up in his name.		2	0	twenties	male_masculine	india and south asia (india, pakistan, sri lanka)		en	
427940	875677	common_voice_en_28284615.mp3	She backed out of working on later episodes though.		2	1	twenties	male_masculine	india and south asia (india, pakistan, sri lanka)		en	
19770	134618	common_voice_en_19657288.mp3	The company's Chief Executive Officer is Karyn Schoenbart.		3	0	twenties	male_masculine	india and south asia (india, pakistan, sri lanka)		en	
467112	942419	common_voice_en_28027775.mp3	It is the birthplace of mathematician James MacCullagh.		2	1	twenties	female_feminine	india and south asia (india, pakistan, sri lanka)		en	
428258	875995	common_voice_en_28345566.mp3	He worked as a fireman for six months and held various positions there.		2	0	twenties	male_masculine	india and south asia (india, pakistan, sri lanka)		en	
168117	471898	common_voice_en_21942818.mp3	Santo-Dumont suffered only bruises.		2	0	twenties	male_masculine	india and south asia (india, pakistan, sri lanka)		en	
432455	880488	common_voice_en_27305734.mp3	"After repairing the transporter and reestablishing voice communications, ""Enterprise"" retreats to a safe distance."		2	0	twenties	female_feminine	india and south asia (india, pakistan, sri lanka)		en	
473844	949151	common_voice_en_27290144.mp3	Subsequently, the band underwent a series of changes in its line-up.		2	0	twenties	male_masculine	india and south asia (india, pakistan, sri lanka)		en	
423280	870938	common_voice_en_27169290.mp3	However, current variants support it.		2	0	twenties	male_masculine	india and south asia (india, pakistan, sri lanka)		en	
388852	831806	common_voice_en_22404691.mp3	"Alternate titles considered were ""The Only Way to Love"" and ""Girl Crazy""."		2	0	twenties	female_feminine	india and south asia (india, pakistan, sri lanka)		en	
452053	915285	common_voice_en_27468978.mp3	It is one of a few drawbridges on the Interstate Highway System.		2	0	twenties	female_feminine	india and south asia (india, pakistan, sri lanka)		en	
40838	203306	common_voice_en_19944367.mp3	The song won, and automatically advanced to Eurovision.		2	0	thirties	male_masculine	india and south asia (india, pakistan, sri lanka)		en	
479808	959547	common_voice_en_27437489.mp3	Variety in sex relations and economic freedom have nothing in common.		2	0	twenties	female_feminine	india and south asia (india, pakistan, sri lanka)		en	
476775	956514	common_voice_en_27093362.mp3	Lyle was born in Louisville, Kentucky.		2	1	twenties	female_feminine	india and south asia (india, pakistan, sri lanka)		en	
424053	871711	common_voice_en_27190782.mp3	In two of these counties, Harghita and Covasna, Hungarians form the majority of inhabitants.		2	0	twenties	male_masculine	india and south asia (india, pakistan, sri lanka)		en	
134224	411665	common_voice_en_18861140.mp3	The administrative head of the zone is called General Manager.		2	0	twenties	male_masculine	india and south asia (india, pakistan, sri lanka)		en	
417720	865360	common_voice_en_27366235.mp3	All in all Loehlin finds admixture studies inconclusive and recommends more research.		2	1	teens	female_feminine	india and south asia (india, pakistan, sri lanka)		en	
450200	913432	common_voice_en_27234649.mp3	She is currently the Saint Gowan lightvessel.		2	1	twenties	female_feminine	india and south asia (india, pakistan, sri lanka)		en	
249953	612720	common_voice_en_21269562.mp3	The Punisher used this home as the residence of John Travolta's character Mr. Saint.		2	0	twenties	female_feminine	india and south asia (india, pakistan, sri lanka)		en	
429524	877557	common_voice_en_27186953.mp3	When local farmers have a bad harvest, the Hillsboro economy can also suffer.		2	0	fourties	female_feminine	india and south asia (india, pakistan, sri lanka)		en	
287075	670856	common_voice_en_22867245.mp3	The latter was this reunion's last gig, the project disbanding shortly afterwards.		2	0	twenties	male_masculine	india and south asia (india, pakistan, sri lanka)		en	
418215	865855	common_voice_en_27503866.mp3	Many scientific advances were also achieved during this period.		2	0	teens	female_feminine	india and south asia (india, pakistan, sri lanka)		en	
51576	232899	common_voice_en_35028619.mp3	More specifically, he is interested in the computational aspects of algebra and analysis.		4	0	thirties	male_masculine	india and south asia (india, pakistan, sri lanka)		en	
201266	531095	common_voice_en_22405011.mp3	I wasn't talking to anybody.		2	0	twenties	female_feminine	india and south asia (india, pakistan, sri lanka)		en	
30619	174380	common_voice_en_18638226.mp3	We sell an assortment of screws.		2	1	twenties	male_masculine	india and south asia (india, pakistan, sri lanka)		en	
476318	956057	common_voice_en_27039212.mp3	He was of Huguenot descent.		2	0	twenties	female_feminine	india and south asia (india, pakistan, sri lanka)		en	
472496	947803	common_voice_en_27157418.mp3	They assigned the infamous identification numbering system using discs.		2	1	twenties	male_masculine	india and south asia (india, pakistan, sri lanka)		en	
378098	811644	common_voice_en_22334570.mp3	The series has been enduringly popular.		2	0	twenties	male_masculine	india and south asia (india, pakistan, sri lanka)		en	
475378	950685	common_voice_en_27460199.mp3	The mission had exceeded its goals in the first month.		2	0	twenties	male_masculine	india and south asia (india, pakistan, sri lanka)		en	
141543	424589	common_voice_en_23735331.mp3	High courts have original and appellate jurisdiction.		2	0	twenties	female_feminine	india and south asia (india, pakistan, sri lanka)		en	
388221	831175	common_voice_en_22317252.mp3	The university is composed of six faculties, spread over three campuses.		2	0	twenties	female_feminine	india and south asia (india, pakistan, sri lanka)		en	
197741	524605	common_voice_en_23690748.mp3	The locomotives were built by three workshops, each with a different naming system.		3	0	twenties	female_feminine	india and south asia (india, pakistan, sri lanka)		en	
276868	657853	common_voice_en_18738202.mp3	Dar es Salaam is widely regarded as a desirable family post by expatriates.		2	1	twenties	female_feminine	india and south asia (india, pakistan, sri lanka)		en	
415126	862766	common_voice_en_23384473.mp3	That should have been enough.		2	0	twenties	male_masculine	india and south asia (india, pakistan, sri lanka)		en	
154874	449756	common_voice_en_18723595.mp3	The name Triggshire has been adopted by different clubs and organizations in the area.		2	1	twenties	male_masculine	india and south asia (india, pakistan, sri lanka)		en	
464321	939628	common_voice_en_26989269.mp3	"In the ""Later Judean ministry"" Jesus starts his final journey to Jerusalem through Judea."		2	1	twenties	female_feminine	india and south asia (india, pakistan, sri lanka)		en	
431092	879125	common_voice_en_27479913.mp3	It is home to Delta College.		2	0	fourties	female_feminine	india and south asia (india, pakistan, sri lanka)		en	
479484	959223	common_voice_en_27407666.mp3	Hence, for that period, the Lebanese were not distinguished from Syrians.		2	0	twenties	female_feminine	india and south asia (india, pakistan, sri lanka)		en	
215874	558811	common_voice_en_23345678.mp3	The head is coloured a dark grey.		2	0	twenties	male_masculine	india and south asia (india, pakistan, sri lanka)		en	
471458	946765	common_voice_en_27010542.mp3	The longer it is depressed, the farther the unit launches.		2	0	twenties	male_masculine	india and south asia (india, pakistan, sri lanka)		en	
415270	862910	common_voice_en_23403172.mp3	Lansdowne was a rural constituency in the province's southwestern corner.		2	0	twenties	male_masculine	india and south asia (india, pakistan, sri lanka)		en	
422868	870526	common_voice_en_27047601.mp3	It has been described as politically liberal.		2	0	twenties	male_masculine	india and south asia (india, pakistan, sri lanka)		en	
67920	276225	common_voice_en_23682239.mp3	After his playing career ended, Wennington became a radio color commentator for the Bulls.		2	0	twenties	male_masculine	india and south asia (india, pakistan, sri lanka)		en	
464597	939904	common_voice_en_27078648.mp3	The samples are sent to an Archaeomagnetic Laboratory for processing.		2	0	twenties	female_feminine	india and south asia (india, pakistan, sri lanka)		en	
313212	711906	common_voice_en_18872887.mp3	He was inspired by the works of Ayn Rand, particularly Atlas Shrugged.		2	1	twenties	male_masculine	india and south asia (india, pakistan, sri lanka)		en	
476183	955922	common_voice_en_27018794.mp3	"Other notable songs from the album are ""Halifot,"" ""Hakafa Metzaltzelet"" and ""Rak Po""."		3	1	twenties	female_feminine	india and south asia (india, pakistan, sri lanka)		en	
361998	787696	common_voice_en_27228213.mp3	But, for the most part, she tends to be uninvolved in politics.		2	0	fourties	female_feminine	india and south asia (india, pakistan, sri lanka)		en	
75266	293714	common_voice_en_18844774.mp3	Barclay Township was named for an early settler.		2	0	fourties	male_masculine	india and south asia (india, pakistan, sri lanka)		en	
222080	566854	common_voice_en_27643945.mp3	The municipality comprises no other population centres.		2	0	thirties	male_masculine	india and south asia (india, pakistan, sri lanka)		en	
249965	612732	common_voice_en_21269574.mp3	Hence market prices do not always accurately reflect what people value.		2	0	twenties	female_feminine	india and south asia (india, pakistan, sri lanka)		en	
332254	748443	common_voice_en_21399229.mp3	They were recognized by organizations in the fields of journalism, history, and the arts.		2	1	thirties	male_masculine	india and south asia (india, pakistan, sri lanka)		en	
473376	948683	common_voice_en_27257993.mp3	"In reality, the gremlins were a form of ""buck passing"" or deflecting blame."		2	1	twenties	male_masculine	india and south asia (india, pakistan, sri lanka)		en	
312761	711455	common_voice_en_18852400.mp3	The Chalaronne flows northwest through the middle of the commune and crosses the village.		2	1	twenties	male_masculine	india and south asia (india, pakistan, sri lanka)		en	
19146	132175	common_voice_en_18836252.mp3	And to also try to get friends for the future.		2	0	twenties	male_masculine	india and south asia (india, pakistan, sri lanka)		en	
466201	941508	common_voice_en_27564740.mp3	"One of his sunsequent tracks, ""Salty Dog Blues"", became his most famous song."		2	0	twenties	female_feminine	india and south asia (india, pakistan, sri lanka)		en	
470281	945588	common_voice_en_27344475.mp3	Her image stands next to other musical greats including Fats Domino.		2	0	fourties	male_masculine	india and south asia (india, pakistan, sri lanka)		en	
393777	838864	common_voice_en_30502039.mp3	All the Muslims of Tbilisi at the time were buried in this cemetery.		4	2	thirties	male_masculine	india and south asia (india, pakistan, sri lanka)		en	
430384	878417	common_voice_en_27293476.mp3	He wanted never to leave the upper air again.		2	1	fourties	female_feminine	india and south asia (india, pakistan, sri lanka)		en	
46197	218236	common_voice_en_23635387.mp3	Penney was traded that offseason to Winnipeg for Brian Hayward.		2	0	twenties	male_masculine	india and south asia (india, pakistan, sri lanka)		en	
416945	864585	common_voice_en_27223687.mp3	Bell Shakespeare has a well-developed education program, conceived by company founder John Bell.		2	0	teens	female_feminine	india and south asia (india, pakistan, sri lanka)		en	
479545	959284	common_voice_en_27415958.mp3	The splash pages of the first four chapters all show Matt Murdock lying down.		2	0	twenties	female_feminine	india and south asia (india, pakistan, sri lanka)		en	
466765	942072	common_voice_en_27688858.mp3	David also played for the New Orleans Saints and Detroit Lions.		2	1	twenties	female_feminine	india and south asia (india, pakistan, sri lanka)		en	
201284	531113	common_voice_en_22405527.mp3	During his school years, Tyson was often teased about his looks.		2	0	twenties	female_feminine	india and south asia (india, pakistan, sri lanka)		en	
96113	335494	common_voice_en_18876175.mp3	Jan Lievens painted him marvelously.		2	1	twenties	male_masculine	india and south asia (india, pakistan, sri lanka)		en	
473669	948976	common_voice_en_27286855.mp3	But the robust, sweet, smooth flavor and cedar notes makes Booker's a favorite.		2	1	twenties	male_masculine	india and south asia (india, pakistan, sri lanka)		en	
166759	469261	common_voice_en_22311701.mp3	It is currently represented by Peter Khalil of the Australian Labor Party.		2	0	twenties	male_masculine	india and south asia (india, pakistan, sri lanka)		en	
422890	870548	common_voice_en_27047720.mp3	Gubbay had presented a story on her program E!		2	0	twenties	male_masculine	india and south asia (india, pakistan, sri lanka)		en	
100851	346053	common_voice_en_22670550.mp3	"Their second single, ""Beatbox"", was featured on ""American Idol""."		2	0	twenties	female_feminine	india and south asia (india, pakistan, sri lanka)		en	
451248	914480	common_voice_en_27348056.mp3	Eisenhower and the Hippies was covered by Man or Astro-man?		2	0	twenties	female_feminine	india and south asia (india, pakistan, sri lanka)		en	
466449	941756	common_voice_en_27617086.mp3	Holy Spirit was the first in-game vocal theme Sakimoto has written.		2	0	twenties	female_feminine	india and south asia (india, pakistan, sri lanka)		en	
471632	946939	common_voice_en_27014828.mp3	Dundas Island was named by Captain George Vancouver in Dundas' honour.		2	0	twenties	male_masculine	india and south asia (india, pakistan, sri lanka)		en	
148962	437186	common_voice_en_20386623.mp3	"Members of this genus are sometimes also placed in the genus ""Chrysanthemum""."		2	1	twenties	male_masculine	india and south asia (india, pakistan, sri lanka)		en	
177461	489399	common_voice_en_23352735.mp3	Thomas Michael Holt for the Democratic gubernatorial nomination.		2	0	thirties	male_masculine	india and south asia (india, pakistan, sri lanka)		en	
235995	589996	common_voice_en_25271708.mp3	His problems are not merely a result of personal insanity, without larger significance.		2	0	twenties	male_masculine	india and south asia (india, pakistan, sri lanka)		en	
393443	838530	common_voice_en_30442358.mp3	Five burial mounds from the Bronze Age have been discovered on the island.		4	0	thirties	male_masculine	india and south asia (india, pakistan, sri lanka)		en	
49272	226537	common_voice_en_31709951.mp3	Lieutenant Colonel Elchin Mammadov was appointed commander of the unit.		2	0	twenties	male_masculine	india and south asia (india, pakistan, sri lanka)		en	
84468	311941	common_voice_en_18723889.mp3	It now accepts day pupils but is still predominantly a boarding school.		2	0	twenties	male_masculine	india and south asia (india, pakistan, sri lanka)		en	
343399	762745	common_voice_en_23354109.mp3	"According to the medieval historian Rodulfus Glaber, Susa was ""the oldest of Alpine towns""."		2	0	thirties	male_masculine	india and south asia (india, pakistan, sri lanka)		en	
324357	732767	common_voice_en_23728997.mp3	The driver of the northbound train sought safety in the engine room.		2	0	thirties	female_feminine	india and south asia (india, pakistan, sri lanka)		en	
401975	847382	common_voice_en_22511956.mp3	He participated in two World Championship Formula One Grands Prix, scoring no championship points.		2	1	twenties	female_feminine	india and south asia (india, pakistan, sri lanka)		en	
418202	865842	common_voice_en_27474145.mp3	The festival typically lasts four days and is held in the early autumn.		2	1	teens	female_feminine	india and south asia (india, pakistan, sri lanka)		en	
225951	574082	common_voice_en_22793145.mp3	"She had also made appearances on the National Lottery Show and ""Blue Peter""."		2	0	twenties	male_masculine	india and south asia (india, pakistan, sri lanka)		en	
70018	281070	common_voice_en_30313583.mp3	Things get complicated when Amrita discovers she is pregnant.		4	0	twenties	male_masculine	india and south asia (india, pakistan, sri lanka)		en	
479854	959593	common_voice_en_27444937.mp3	Thirteen stars were also included on the obverse.		2	0	twenties	female_feminine	india and south asia (india, pakistan, sri lanka)		en	
429121	877154	common_voice_en_27105373.mp3	Its first minister was Charles Marx.		2	1	fourties	female_feminine	india and south asia (india, pakistan, sri lanka)		en	
430088	878121	common_voice_en_27273088.mp3	The quarterback can also run the opposite way depending on how the defense reacts.		2	1	fourties	female_feminine	india and south asia (india, pakistan, sri lanka)		en	
464101	939405	common_voice_en_22323970.mp3	The complex is named for American humorist and writer Will Rogers.		2	0	twenties	female_feminine	india and south asia (india, pakistan, sri lanka)		en	
397635	843039	common_voice_en_27315482.mp3	The house is of three floors.		2	1	twenties	female_feminine	india and south asia (india, pakistan, sri lanka)		en	
388452	831406	common_voice_en_22332929.mp3	Ross's ascent showed Cherokee leaders recognized the importance of educated, English-speaking leaders.		2	1	twenties	female_feminine	india and south asia (india, pakistan, sri lanka)		en	
276780	657765	common_voice_en_18711987.mp3	He received the man of the match award for his performance.		2	0	twenties	female_feminine	india and south asia (india, pakistan, sri lanka)		en	
450005	913237	common_voice_en_27214039.mp3	The reference to a malevolent Samaritan is, however, a familiar device of Jewish literature.		2	0	twenties	female_feminine	india and south asia (india, pakistan, sri lanka)		en	
76510	296430	common_voice_en_18733670.mp3	He wrote, illustrated, and published, City Heat, a Collection of Stories and Poems.		2	0	twenties	female_feminine	india and south asia (india, pakistan, sri lanka)		en	
398114	843518	common_voice_en_27353621.mp3	It is now owned by Bell Media through its Bell Media Radio division.		3	2	twenties	female_feminine	india and south asia (india, pakistan, sri lanka)		en	
477418	957157	common_voice_en_27155646.mp3	Jonah escapes and races back to tell Mike and Larry.		2	1	twenties	female_feminine	india and south asia (india, pakistan, sri lanka)		en	
398593	843997	common_voice_en_27467296.mp3	He worked for a while as a lawyer before entering politics.		2	0	twenties	female_feminine	india and south asia (india, pakistan, sri lanka)		en	
429941	877974	common_voice_en_27228986.mp3	Rock and Roll Divorce was a half-official release.		2	0	fourties	female_feminine	india and south asia (india, pakistan, sri lanka)		en	
141582	424628	common_voice_en_23743194.mp3	Weeping, Miriam tells him there is no release.		2	0	twenties	female_feminine	india and south asia (india, pakistan, sri lanka)		en	
150991	441568	common_voice_en_20457767.mp3	"See also the section of ""Young Adult Readers Novels"" in this article."		2	0	fifties	female_feminine	india and south asia (india, pakistan, sri lanka)		en	
141567	424613	common_voice_en_23742197.mp3	Each user-defined function carries certain properties or characteristics.		2	0	twenties	female_feminine	india and south asia (india, pakistan, sri lanka)		en	
450976	914208	common_voice_en_27302830.mp3	Alex is determined not to let the past repeat itself and lose her again.		2	1	twenties	female_feminine	india and south asia (india, pakistan, sri lanka)		en	
430402	878435	common_voice_en_27293867.mp3	His psychology is good.		2	0	fourties	female_feminine	india and south asia (india, pakistan, sri lanka)		en	
450042	913274	common_voice_en_27214360.mp3	The parvocellular nuclei regulate exhalation.		2	0	twenties	female_feminine	india and south asia (india, pakistan, sri lanka)		en	
408404	853815	common_voice_en_27287390.mp3	Reginald went to refortify his own castle of Belfort on the Litani River.		2	1	twenties	female_feminine	india and south asia (india, pakistan, sri lanka)		en	
398646	844050	common_voice_en_27467641.mp3	The main nucleus of pure eastern wolves is currently concentrated within Algonquin Provincial Park.		2	1	twenties	female_feminine	india and south asia (india, pakistan, sri lanka)		en	
409120	854531	common_voice_en_27473993.mp3	This was the same set used to shoot the movie.		2	1	twenties	female_feminine	india and south asia (india, pakistan, sri lanka)		en	
465802	941109	common_voice_en_27498770.mp3	To perform a kamikaze knot, a sheepshank is first constructed.		2	0	twenties	female_feminine	india and south asia (india, pakistan, sri lanka)		en	
432149	880182	common_voice_en_27265997.mp3	The Duke of Edinburgh visited the school.		2	0	twenties	female_feminine	india and south asia (india, pakistan, sri lanka)		en	
97559	338747	common_voice_en_20129674.mp3	Nearby is Baggy Moor and the River Perry.		2	0	teens	female_feminine	india and south asia (india, pakistan, sri lanka)		en	
323777	732187	common_voice_en_21721503.mp3	Before and during Franklin D. Roosevelt's presidency, the extent of his disability was minimized.		2	0	thirties	female_feminine	india and south asia (india, pakistan, sri lanka)		en	
398157	843561	common_voice_en_27375780.mp3	Wiffen subsequently signed to Fantasy Records as a solo artist.		2	0	twenties	female_feminine	india and south asia (india, pakistan, sri lanka)		en	
250010	612777	common_voice_en_21269639.mp3	Indian scouts reported to the French that an attack was coming.		2	0	twenties	female_feminine	india and south asia (india, pakistan, sri lanka)		en	
430976	879009	common_voice_en_27465143.mp3	Vincent is named after Vincent Avenue which passes through the community.		2	0	fourties	female_feminine	india and south asia (india, pakistan, sri lanka)		en	
450568	913800	common_voice_en_27273813.mp3	He was related to West Ham United and Wales midfielder Jack Collison.		2	0	twenties	female_feminine	india and south asia (india, pakistan, sri lanka)		en	
388332	831286	common_voice_en_22331970.mp3	Once this rule has been established, the rule swaps.		2	0	twenties	female_feminine	india and south asia (india, pakistan, sri lanka)		en	
450100	913332	common_voice_en_27214684.mp3	Numerous articles reporting conventional radio astronomy observations have been published.		2	0	twenties	female_feminine	india and south asia (india, pakistan, sri lanka)		en	
398496	843900	common_voice_en_27449928.mp3	Two heats of three riders were held.		2	0	twenties	female_feminine	india and south asia (india, pakistan, sri lanka)		en	
132691	409415	common_voice_en_19677779.mp3	However, this can also serve as an open path for a possible sequel.		2	1	thirties	female_feminine	india and south asia (india, pakistan, sri lanka)		en	
466313	941620	common_voice_en_27605483.mp3	He was known in the legislature as an aggressive debater.		2	0	twenties	female_feminine	india and south asia (india, pakistan, sri lanka)		en	
450103	913335	common_voice_en_27214687.mp3	The couple had four children: Edward Dunwoodie, James Ashmore, Constance Alice, and Eileen Buell.		2	0	twenties	female_feminine	india and south asia (india, pakistan, sri lanka)		en	
465087	940394	common_voice_en_27207170.mp3	Both spellings are equally valid.		2	1	twenties	female_feminine	india and south asia (india, pakistan, sri lanka)		en	
388793	831747	common_voice_en_22404565.mp3	Victor Hugo Sibille was the first mayor.		2	1	twenties	female_feminine	india and south asia (india, pakistan, sri lanka)		en	
465432	940739	common_voice_en_27427941.mp3	Fuel delivery was accomplished with sequential multi-port fuel injection with dual spray injectors.		2	0	twenties	female_feminine	india and south asia (india, pakistan, sri lanka)		en	
449933	913165	common_voice_en_27195209.mp3	It is the gateway to the Valley of a Thousand Hills.		2	0	twenties	female_feminine	india and south asia (india, pakistan, sri lanka)		en	
464675	939982	common_voice_en_27107703.mp3	His band, Manalive, recorded at the famous Sun Records Studio in Memphis, Tennessee.		2	0	twenties	female_feminine	india and south asia (india, pakistan, sri lanka)		en	
476324	956063	common_voice_en_27039226.mp3	Laurie is a sculptor working in marble and clay and exhibits her work.		2	1	twenties	female_feminine	india and south asia (india, pakistan, sri lanka)		en	
361780	787478	common_voice_en_27181180.mp3	Peak Musala has an alpine climate with cold, long winters and short, cool summers.		2	0	fourties	female_feminine	india and south asia (india, pakistan, sri lanka)		en	
450609	913841	common_voice_en_27274114.mp3	Andy Soucek replaced Parente as the reserve driver.		2	1	twenties	female_feminine	india and south asia (india, pakistan, sri lanka)		en	
465144	940451	common_voice_en_27207388.mp3	He co-owns a heritage vehicle shipping and delivery company, Bespoke Handling.		2	0	twenties	female_feminine	india and south asia (india, pakistan, sri lanka)		en	
432863	880896	common_voice_en_27315614.mp3	All songs written by Ryan Miller.		2	0	twenties	female_feminine	india and south asia (india, pakistan, sri lanka)		en	
150953	441530	common_voice_en_20457690.mp3	With the little energy she has left, Eva escapes.		2	0	fifties	female_feminine	india and south asia (india, pakistan, sri lanka)		en	
408013	853424	common_voice_en_27190427.mp3	It is unstaffed, and the only passenger facilities are standard shelters on each platform.		2	0	twenties	female_feminine	india and south asia (india, pakistan, sri lanka)		en	
464660	939967	common_voice_en_27107652.mp3	Elkhorn Peak is the county's highest point, at above sea level.		2	1	twenties	female_feminine	india and south asia (india, pakistan, sri lanka)		en	
450783	914015	common_voice_en_27292113.mp3	Meanwhile, Rusty, hurting after his divorce, finds love again when he meets Cosmic Rae.		2	0	twenties	female_feminine	india and south asia (india, pakistan, sri lanka)		en	
401681	847088	common_voice_en_22441039.mp3	Registered users can provide opinions, commentary, reviews, previews, evaluations and analysis.		2	0	twenties	female_feminine	india and south asia (india, pakistan, sri lanka)		en	
449525	912757	common_voice_en_27091185.mp3	Beyond this point the flow rate increases steadily with increasing shear stress.		3	0	twenties	female_feminine	india and south asia (india, pakistan, sri lanka)		en	
148575	436697	common_voice_en_33508261.mp3	Kerr played four years for the Ohio State Buckeyes.		4	0	twenties	female_feminine	india and south asia (india, pakistan, sri lanka)		en	
408429	853840	common_voice_en_27287518.mp3	Only stations available on Comcast in the Bad Axe area are listed below.		2	0	twenties	female_feminine	india and south asia (india, pakistan, sri lanka)		en	
432475	880508	common_voice_en_27305850.mp3	The call is a loud grating noise like Sandwich tern.		2	0	twenties	female_feminine	india and south asia (india, pakistan, sri lanka)		en	
401930	847337	common_voice_en_22510667.mp3	It's not right for you, don't marry him.		2	0	twenties	female_feminine	india and south asia (india, pakistan, sri lanka)		en	
431414	879447	common_voice_en_27169723.mp3	It also fired from a closed bolt along with using blowback for its action.		2	0	twenties	female_feminine	india and south asia (india, pakistan, sri lanka)		en	
388909	831863	common_voice_en_22404875.mp3	Soon, many guitar manufacturers began producing instruments with these modifications as standard.		2	0	twenties	female_feminine	india and south asia (india, pakistan, sri lanka)		en	
451544	914776	common_voice_en_27369286.mp3	It was the first time a former city joined another local government unit.		2	1	twenties	female_feminine	india and south asia (india, pakistan, sri lanka)		en	
401040	846447	common_voice_en_22356425.mp3	Much more work went into it.		2	0	twenties	female_feminine	india and south asia (india, pakistan, sri lanka)		en	
71163	283920	common_voice_en_19948734.mp3	His explanation of this phenomenon was subsequently published in Micrography Observ.		2	0	thirties	female_feminine	india and south asia (india, pakistan, sri lanka)		en	
465477	940784	common_voice_en_27428108.mp3	It ended by the River Rother at a pier.		2	0	twenties	female_feminine	india and south asia (india, pakistan, sri lanka)		en	
398346	843750	common_voice_en_27449187.mp3	Cuba accepted an invitation to take part as a guest in the tournament.		2	0	twenties	female_feminine	india and south asia (india, pakistan, sri lanka)		en	
416390	864030	common_voice_en_27091707.mp3	Up till then life was pretty great.		2	0	teens	female_feminine	india and south asia (india, pakistan, sri lanka)		en	
464949	940256	common_voice_en_27166546.mp3	Sallust adopted an abrupt, pointed style in his historical works.		2	0	twenties	female_feminine	india and south asia (india, pakistan, sri lanka)		en	
361896	787594	common_voice_en_27212201.mp3	About a year later, Seleucus was killed by a fall from his horse.		2	0	fourties	female_feminine	india and south asia (india, pakistan, sri lanka)		en	
479752	959491	common_voice_en_27437123.mp3	Recipients were recognised for extraordinary heroism, dedication, and courage demonstrated on the battlefield.		2	0	twenties	female_feminine	india and south asia (india, pakistan, sri lanka)		en	
478540	958279	common_voice_en_27286253.mp3	In office, Mackenzie was known as a passionate supporter of labour interests within cabinet.		2	0	twenties	female_feminine	india and south asia (india, pakistan, sri lanka)		en	
449981	913213	common_voice_en_27195441.mp3	It grows primarily on foredunes and dune crests.		2	0	twenties	female_feminine	india and south asia (india, pakistan, sri lanka)		en	
401902	847309	common_voice_en_22510311.mp3	Sport of basketball has increased in popularity among elite deaf athletes around the world.		2	1	twenties	female_feminine	india and south asia (india, pakistan, sri lanka)		en	
409218	854629	common_voice_en_27479341.mp3	Redfoo also announced his departure the following month.		2	0	twenties	female_feminine	india and south asia (india, pakistan, sri lanka)		en	
465839	941146	common_voice_en_27507571.mp3	The government also has made major strides in restructuring the public finances.		2	0	twenties	female_feminine	india and south asia (india, pakistan, sri lanka)		en	
432634	880667	common_voice_en_27307220.mp3	"McGrath's autobiography, ""Back from the Brink"", co-written with journalist Vincent Hogan."		2	1	twenties	female_feminine	india and south asia (india, pakistan, sri lanka)		en	
479514	959253	common_voice_en_27407744.mp3	His daughter Tulsi Kumar is a playback singer.		2	0	twenties	female_feminine	india and south asia (india, pakistan, sri lanka)		en	
432489	880522	common_voice_en_27305977.mp3	Joey had some bad luck in terms of his acting career.		2	0	twenties	female_feminine	india and south asia (india, pakistan, sri lanka)		en	
174293	484270	common_voice_en_23803377.mp3	San Antonio reporter John Whisler called the bout San Antonio's Fight of the Year.		2	1	twenties	female_feminine	india and south asia (india, pakistan, sri lanka)		en	
276982	657967	common_voice_en_18738511.mp3	It currently airs a mix of classic country music.		2	0	twenties	female_feminine	india and south asia (india, pakistan, sri lanka)		en	
402150	847557	common_voice_en_22533051.mp3	He encouraged the poet John Skelton, who wrote the elegy on his father.		2	1	twenties	female_feminine	india and south asia (india, pakistan, sri lanka)		en	
430022	878055	common_voice_en_27269995.mp3	The axes of the resulting ellipse are the resulting polarization directions.		2	0	fourties	female_feminine	india and south asia (india, pakistan, sri lanka)		en	
479961	959700	common_voice_en_27453974.mp3	These channels mainly for malayali people residing outside India.		2	0	twenties	female_feminine	india and south asia (india, pakistan, sri lanka)		en	
408504	853915	common_voice_en_27289537.mp3	The service will provide information, interaction and entertainment.		2	0	twenties	female_feminine	india and south asia (india, pakistan, sri lanka)		en	
475880	955619	common_voice_en_27006599.mp3	Access to the island is according to Scottish right to roam legislation.		2	0	twenties	female_feminine	india and south asia (india, pakistan, sri lanka)		en	
388186	831140	common_voice_en_22307128.mp3	See also: tangent space to a functor.		2	0	twenties	female_feminine	india and south asia (india, pakistan, sri lanka)		en	
465979	941286	common_voice_en_27527201.mp3	He was also chairman of the Anglo-Scottish Sugar Beet Corporation.		2	0	twenties	female_feminine	india and south asia (india, pakistan, sri lanka)		en	
397623	843027	common_voice_en_27315437.mp3	As a civil servant, he reports to the Prime Minister.		2	1	twenties	female_feminine	india and south asia (india, pakistan, sri lanka)		en	
401069	846476	common_voice_en_22358050.mp3	Typically, they are also capable warriors.		2	1	twenties	female_feminine	india and south asia (india, pakistan, sri lanka)		en	
324244	732654	common_voice_en_21764510.mp3	With that, Boone runs away.		2	0	thirties	female_feminine	india and south asia (india, pakistan, sri lanka)		en	
480036	959775	common_voice_en_27454470.mp3	He was released following the season.		2	0	twenties	female_feminine	india and south asia (india, pakistan, sri lanka)		en	
418200	865840	common_voice_en_27474108.mp3	Paul contacts the National Guard for help.		2	1	teens	female_feminine	india and south asia (india, pakistan, sri lanka)		en	
479260	958999	common_voice_en_27357562.mp3	The invention assures that doors, drawers and lift systems close gently and silently.		2	0	twenties	female_feminine	india and south asia (india, pakistan, sri lanka)		en	
432274	880307	common_voice_en_27280895.mp3	Environmental education has crossover with multiple other disciplines.		2	0	twenties	female_feminine	india and south asia (india, pakistan, sri lanka)		en	
475837	955576	common_voice_en_27006265.mp3	It lies east of Horton in Ribblesdale.		2	1	twenties	female_feminine	india and south asia (india, pakistan, sri lanka)		en	
477683	957422	common_voice_en_27173688.mp3	Supernatural beings are considered citizens with most of the rights of regular humans.		2	1	twenties	female_feminine	india and south asia (india, pakistan, sri lanka)		en	
452182	915414	common_voice_en_27482384.mp3	The unique glass front and brown sided building is located in the downtown core.		3	0	twenties	female_feminine	india and south asia (india, pakistan, sri lanka)		en	
429163	877196	common_voice_en_27106102.mp3	Some episodes in the second season were aired out of their intended chronological sequence.		2	0	fourties	female_feminine	india and south asia (india, pakistan, sri lanka)		en	
464295	939599	common_voice_en_22325203.mp3	Eoin Kennedy, the Dual All Ireland Handball Senior Singles Champion, is a club member.		2	0	twenties	female_feminine	india and south asia (india, pakistan, sri lanka)		en	
467115	942422	common_voice_en_28027797.mp3	He also occasionally did voice-over work from his home.		2	0	twenties	female_feminine	india and south asia (india, pakistan, sri lanka)		en	
451351	914583	common_voice_en_27349649.mp3	In older species, such as fish, the archipallium makes up most of the cerebrum.		2	0	twenties	female_feminine	india and south asia (india, pakistan, sri lanka)		en	
430214	878247	common_voice_en_27289520.mp3	This is true for both children and adults.		2	0	fourties	female_feminine	india and south asia (india, pakistan, sri lanka)		en	
388016	830970	common_voice_en_22306081.mp3	Via the Wabash and Ohio rivers, it is part of the Mississippi River watershed.		2	0	twenties	female_feminine	india and south asia (india, pakistan, sri lanka)		en	
466248	941555	common_voice_en_27591650.mp3	The Beetle automobile platform is preferred for a variety of reasons.		2	1	twenties	female_feminine	india and south asia (india, pakistan, sri lanka)		en	
72859	287600	common_voice_en_19965805.mp3	In his institution patients from all over Europe were treated.		2	0	twenties	female_feminine	india and south asia (india, pakistan, sri lanka)		en	
467294	942601	common_voice_en_28084771.mp3	Boughton Primary School is in Moulton Road.		2	0	twenties	female_feminine	india and south asia (india, pakistan, sri lanka)		en	
402188	847595	common_voice_en_22533192.mp3	Farmers found the surface broken and ledgy, better suited for grazing than cultivation.		2	0	twenties	female_feminine	india and south asia (india, pakistan, sri lanka)		en	
477958	957697	common_voice_en_27195957.mp3	"The family surname is pronounced ""Troobridge""."		2	0	twenties	female_feminine	india and south asia (india, pakistan, sri lanka)		en	
478022	957761	common_voice_en_27196192.mp3	A supply ship visits Pitt Island about every three months.		2	0	twenties	female_feminine	india and south asia (india, pakistan, sri lanka)		en	
408095	853506	common_voice_en_27210891.mp3	Interestingly, there was collusion between the two.		3	0	twenties	female_feminine	india and south asia (india, pakistan, sri lanka)		en	
479350	959089	common_voice_en_27358830.mp3	He would also start many that were left unfinished.		2	1	twenties	female_feminine	india and south asia (india, pakistan, sri lanka)		en	
467145	942452	common_voice_en_28027935.mp3	There are four described species, found in southern and eastern Africa.		2	0	twenties	female_feminine	india and south asia (india, pakistan, sri lanka)		en	
361727	787425	common_voice_en_27171180.mp3	Additionally, a moderated forum, user statistics, and a hall-of-fame are available.		2	0	fourties	female_feminine	india and south asia (india, pakistan, sri lanka)		en	
148637	436759	common_voice_en_33508512.mp3	He believes in ground level action.		4	0	twenties	female_feminine	india and south asia (india, pakistan, sri lanka)		en	
417437	865077	common_voice_en_27319125.mp3	We do not get the proper run for our money.		2	0	teens	female_feminine	india and south asia (india, pakistan, sri lanka)		en	
466739	942046	common_voice_en_27688787.mp3	Their After you, Alphonse.		2	1	twenties	female_feminine	india and south asia (india, pakistan, sri lanka)		en	
477129	956868	common_voice_en_27154863.mp3	The Quakers played an instrumental role in aiding escaped slaves on the underground railroad.		2	1	twenties	female_feminine	india and south asia (india, pakistan, sri lanka)		en	
401572	846979	common_voice_en_22432636.mp3	Pharmacy professional are in demand nowadays.		2	0	twenties	female_feminine	india and south asia (india, pakistan, sri lanka)		en	
362296	787994	common_voice_en_27444645.mp3	Seymour Road in Hong Kong Island was named after him.		2	0	fourties	female_feminine	india and south asia (india, pakistan, sri lanka)		en	
433323	881356	common_voice_en_27521576.mp3	However training schemes vary and different pathways may be available.		2	0	twenties	female_feminine	india and south asia (india, pakistan, sri lanka)		en	
452098	915330	common_voice_en_27481850.mp3	They earmarked the money for debt payments and upgrading company offices.		2	1	twenties	female_feminine	india and south asia (india, pakistan, sri lanka)		en	
33959	184523	common_voice_en_18631432.mp3	Beware the Jabberwock, my son!		2	0	twenties	female_feminine	india and south asia (india, pakistan, sri lanka)		en	
449803	913035	common_voice_en_27172830.mp3	On it lies a man overseeing a scene of chaos with a disinterested eye.		2	0	twenties	female_feminine	india and south asia (india, pakistan, sri lanka)		en	
417452	865092	common_voice_en_27331650.mp3	Apollonius itself is located to the east-northeast.		2	1	teens	female_feminine	india and south asia (india, pakistan, sri lanka)		en	
466924	942231	common_voice_en_27898151.mp3	Joseph Williams provides backing vocals on five of the tracks.		2	0	twenties	female_feminine	india and south asia (india, pakistan, sri lanka)		en	
476285	956024	common_voice_en_27039003.mp3	The unincorporated community of New Paris is also located in the town.		2	0	twenties	female_feminine	india and south asia (india, pakistan, sri lanka)		en	
467133	942440	common_voice_en_28027883.mp3	In the United Kingdom and Ireland, it airs on Trouble.		2	0	twenties	female_feminine	india and south asia (india, pakistan, sri lanka)		en	
277079	658064	common_voice_en_18750860.mp3	Metrowerks subsequently used the name for their new developer product.		2	1	twenties	female_feminine	india and south asia (india, pakistan, sri lanka)		en	
24749	154395	common_voice_en_18733219.mp3	Dilshan's brother, Tillakaratne Sampath, is a first-class cricketer in Sri Lanka.		2	0	twenties	female_feminine	india and south asia (india, pakistan, sri lanka)		en	
429766	877799	common_voice_en_27211086.mp3	The band took a low-stress approach to this album.		2	0	fourties	female_feminine	india and south asia (india, pakistan, sri lanka)		en	
479527	959266	common_voice_en_27407804.mp3	The Attica High School mascot is Bulldogs.		2	1	twenties	female_feminine	india and south asia (india, pakistan, sri lanka)		en	
480112	959851	common_voice_en_27461977.mp3	He interviewed such luminaries as Frank Sinatra, Hank Williams, Elvis Presley, and Fats Domino.		2	0	twenties	female_feminine	india and south asia (india, pakistan, sri lanka)		en	
432042	880075	common_voice_en_27265558.mp3	The first material used for lasers was synthetic ruby crystals.		2	0	twenties	female_feminine	india and south asia (india, pakistan, sri lanka)		en	
431403	879436	common_voice_en_27169616.mp3	The latter was a combination drinking fountain, fire hydrant, and watering basin for animals.		2	0	twenties	female_feminine	india and south asia (india, pakistan, sri lanka)		en	
180206	493594	common_voice_en_22303901.mp3	The bay had two inshore sand banks, the North Bull and the South Bull.		2	0	twenties	female_feminine	india and south asia (india, pakistan, sri lanka)		en	
66363	272313	common_voice_en_19633239.mp3	The victim is renamed Magdalene Kruschen and is played by German actress Elke Sommer.		2	0	twenties	female_feminine	india and south asia (india, pakistan, sri lanka)		en	
416852	864492	common_voice_en_27203481.mp3	If Mikoyan had discovered this he would, according to his children, have become furious.		2	0	teens	female_feminine	india and south asia (india, pakistan, sri lanka)		en	
452136	915368	common_voice_en_27482005.mp3	"It was billed as the ""biggest Reggae festival in the history of the world""."		2	0	twenties	female_feminine	india and south asia (india, pakistan, sri lanka)		en	
408328	853739	common_voice_en_27270273.mp3	The dust is an irritant to skin, eyes and lungs.		2	1	twenties	female_feminine	india and south asia (india, pakistan, sri lanka)		en	
149704	438533	common_voice_en_36742181.mp3	The coast here is part of the Jurassic Coast, a World Heritage Site.		4	0	teens	female_feminine	india and south asia (india, pakistan, sri lanka)		en	
478037	957776	common_voice_en_27204165.mp3	James Gold Andrews in command.		2	0	twenties	female_feminine	india and south asia (india, pakistan, sri lanka)		en	
464405	939712	common_voice_en_27012948.mp3	Eltville is the biggest town in the Rheingau.		2	1	twenties	female_feminine	india and south asia (india, pakistan, sri lanka)		en	
249751	612518	common_voice_en_21269332.mp3	This made the date unusually frequent in the register.		2	0	twenties	female_feminine	india and south asia (india, pakistan, sri lanka)		en	
480174	959913	common_voice_en_27462610.mp3	Eventually, streaming was incorporated into the sales chart.		2	0	twenties	female_feminine	india and south asia (india, pakistan, sri lanka)		en	
478620	958359	common_voice_en_27294859.mp3	Duff was the first Canadian to hold the position, even in the interim.		2	0	twenties	female_feminine	india and south asia (india, pakistan, sri lanka)		en	
247422	608657	common_voice_en_18840821.mp3	The system is sold under the brand name Rhinostat.		2	0	twenties	female_feminine	india and south asia (india, pakistan, sri lanka)		en	
449323	912555	common_voice_en_27012412.mp3	The first heritage coast was Beachy Head with its famous white cliffs.		2	0	twenties	female_feminine	india and south asia (india, pakistan, sri lanka)		en	
409266	854677	common_voice_en_27479485.mp3	Some contain substances like grains half peeled.		2	0	twenties	female_feminine	india and south asia (india, pakistan, sri lanka)		en	
432989	881022	common_voice_en_27320627.mp3	Such children are also described as backward.		2	0	twenties	female_feminine	india and south asia (india, pakistan, sri lanka)		en	
201366	531195	common_voice_en_22413289.mp3	The college cricket ground is used by the college cricket team.		2	0	twenties	female_feminine	india and south asia (india, pakistan, sri lanka)		en	
431411	879444	common_voice_en_27169667.mp3	"Their three aspects are ""Will"", ""Wisdom"" and ""Activity""."		2	0	twenties	female_feminine	india and south asia (india, pakistan, sri lanka)		en	
450601	913833	common_voice_en_27274056.mp3	A new trial was ordered.		2	1	twenties	female_feminine	india and south asia (india, pakistan, sri lanka)		en	
451602	914834	common_voice_en_27407105.mp3	It's a noun and it's an adjective.		2	0	twenties	female_feminine	india and south asia (india, pakistan, sri lanka)		en	
