path,sentence,age,gender,accents
dataset/common_voice_en_27147295.mp3,"Today, the entire line is unfit for oil transport.",twenties,female_feminine,"india and south asia (india, pakistan, sri lanka)"
dataset/common_voice_en_22441052.mp3,Public high school students who reside there attend Maine East High School.,twenties,female_feminine,"india and south asia (india, pakistan, sri lanka)"
dataset/common_voice_en_27474289.mp3,"This being so, he should be in a position to supply the demand.",twenties,male_masculine,"india and south asia (india, pakistan, sri lanka)"
dataset/common_voice_en_21269344.mp3,"Think prog-rock bollocks, baby!",twenties,female_feminine,"india and south asia (india, pakistan, sri lanka)"
dataset/common_voice_en_22299599.mp3,"This work includes education, lobbying government, activism and community work.",twenties,male_masculine,"india and south asia (india, pakistan, sri lanka)"
dataset/common_voice_en_21926205.mp3,"Carter was born in Denver, Colorado.",twenties,male_masculine,"india and south asia (india, pakistan, sri lanka)"
dataset/common_voice_en_27036278.mp3,There is a roundabout as in the apparatus for second childhood.,twenties,male_masculine,"india and south asia (india, pakistan, sri lanka)"
dataset/common_voice_en_23541084.mp3,It is the band's best-selling album to date.,twenties,male_masculine,"india and south asia (india, pakistan, sri lanka)"
dataset/common_voice_en_18666500.mp3,It is the biggest telescope in the world.,twenties,male_masculine,"india and south asia (india, pakistan, sri lanka)"
dataset/common_voice_en_20393874.mp3,AudioNova Group is Sonova's international professional service network of hearing care providers.,twenties,female_feminine,"india and south asia (india, pakistan, sri lanka)"
dataset/common_voice_en_26984548.mp3,"Following Harding's death, Britton wrote what is considered to be the first kiss-and-tell book.",thirties,male_masculine,"india and south asia (india, pakistan, sri lanka)"
dataset/common_voice_en_20063482.mp3,"From there, Kanazawa believes the Jion kata were spread into the Tomari region.",thirties,male_masculine,"india and south asia (india, pakistan, sri lanka)"
dataset/common_voice_en_22292494.mp3,The terms latent and sensible are correlative.,twenties,male_masculine,"india and south asia (india, pakistan, sri lanka)"
dataset/common_voice_en_27186287.mp3,The other half of the prize was awarded to Roy J. Glauber.,twenties,male_masculine,"india and south asia (india, pakistan, sri lanka)"
dataset/common_voice_en_21753148.mp3,The Dutch sent a warship to Aves.,thirties,female_feminine,"india and south asia (india, pakistan, sri lanka)"
dataset/common_voice_en_27075238.mp3,Polkas almost always have a time signature.,twenties,female_feminine,"india and south asia (india, pakistan, sri lanka)"
dataset/common_voice_en_22320019.mp3,Lostprophets confirmed that they would tour Australia.,twenties,female_feminine,"india and south asia (india, pakistan, sri lanka)"
dataset/common_voice_en_22027741.mp3,Southwark tube station is at the western end.,twenties,male_masculine,"india and south asia (india, pakistan, sri lanka)"
dataset/common_voice_en_21943612.mp3,The Valley Center school district mascot is the Hornets.,twenties,male_masculine,"india and south asia (india, pakistan, sri lanka)"
dataset/common_voice_en_22334552.mp3,Free refers to independence of the university from both the State and Church.,twenties,male_masculine,"india and south asia (india, pakistan, sri lanka)"
dataset/common_voice_en_23619619.mp3,"He publicly accused his second in command, Francis Shackleton, of the theft.",twenties,male_masculine,"india and south asia (india, pakistan, sri lanka)"
dataset/common_voice_en_27228398.mp3,The district includes some of the finest examples of brownstones with large front gardens.,fourties,female_feminine,"india and south asia (india, pakistan, sri lanka)"
dataset/common_voice_en_27460963.mp3,"Niki Karimi was born and raised in Tehran, Iran.",twenties,male_masculine,"india and south asia (india, pakistan, sri lanka)"
dataset/common_voice_en_27013405.mp3,Her part in the Midgley household was paramount.,twenties,male_masculine,"india and south asia (india, pakistan, sri lanka)"
dataset/common_voice_en_27230055.mp3,The second was built with a widened Cromwell track and different armoured skirts.,twenties,male_masculine,"india and south asia (india, pakistan, sri lanka)"
dataset/common_voice_en_23627651.mp3,"However, the height of the cross and foggy weather made filming difficult.",twenties,male_masculine,"india and south asia (india, pakistan, sri lanka)"
dataset/common_voice_en_25273741.mp3,"Occasionally adults will consume insects, especially caterpillars, as well as fruits.",twenties,male_masculine,"india and south asia (india, pakistan, sri lanka)"
dataset/common_voice_en_21721940.mp3,"It was well received, although it didn't achieve their earlier chart success.",thirties,female_feminine,"india and south asia (india, pakistan, sri lanka)"
dataset/common_voice_en_23583167.mp3,He reached the rank of Captain and was awarded the Military Cross.,twenties,male_masculine,"india and south asia (india, pakistan, sri lanka)"
dataset/common_voice_en_32321973.mp3,Belfort retired from the stage due to ill health.,thirties,male_masculine,"india and south asia (india, pakistan, sri lanka)"
dataset/common_voice_en_27474033.mp3,His wife eventually fled to Hungary to avoid further trouble.,twenties,female_feminine,"india and south asia (india, pakistan, sri lanka)"
dataset/common_voice_en_23353731.mp3,The mountain was called the Mysian Olympus by the Romans who lived there before.,thirties,male_masculine,"india and south asia (india, pakistan, sri lanka)"
dataset/common_voice_en_23349140.mp3,"Bland, with whom he had three daughters and a son.",thirties,male_masculine,"india and south asia (india, pakistan, sri lanka)"
dataset/common_voice_en_27410951.mp3,He earned his first career strikeout against Royals shortstop Kurt Stillwell.,twenties,female_feminine,"india and south asia (india, pakistan, sri lanka)"
dataset/common_voice_en_27085968.mp3,The Schoharie Creek flows northward through the town.,twenties,female_feminine,"india and south asia (india, pakistan, sri lanka)"
dataset/common_voice_en_21846456.mp3,Gagauz is a distinct language from Balkan Gagauz Turkish.,twenties,male_masculine,"india and south asia (india, pakistan, sri lanka)"
dataset/common_voice_en_27289301.mp3,"Here they lived a hermitic penitential life characterised by prayer, manual work and silence.",twenties,female_feminine,"india and south asia (india, pakistan, sri lanka)"
dataset/common_voice_en_27274338.mp3,"Unser said that he wanted to come back, but it would never happen.",twenties,female_feminine,"india and south asia (india, pakistan, sri lanka)"
dataset/common_voice_en_22448162.mp3,A sagittal crest developed in older individuals and extends over the brow ridges.,twenties,female_feminine,"india and south asia (india, pakistan, sri lanka)"
dataset/common_voice_en_27038738.mp3,I want to go to the Mediterranean and Italy.,twenties,female_feminine,"india and south asia (india, pakistan, sri lanka)"
dataset/common_voice_en_19310868.mp3,Tepoto Atoll is permanently uninhabited.,twenties,male_masculine,"india and south asia (india, pakistan, sri lanka)"
dataset/common_voice_en_27039167.mp3,Is all the hype justified?,twenties,female_feminine,"india and south asia (india, pakistan, sri lanka)"
dataset/common_voice_en_27249710.mp3,"Othon met him while the little robosurgeon was treating Bari, his crippled son.",twenties,female_feminine,"india and south asia (india, pakistan, sri lanka)"
dataset/common_voice_en_20386925.mp3,The Korean forces also discovered Chinese and Korean captives there.,twenties,male_masculine,"india and south asia (india, pakistan, sri lanka)"
dataset/common_voice_en_29403814.mp3,As a zealous churchman and Protestant he still possessed a following.,thirties,male_masculine,"india and south asia (india, pakistan, sri lanka)"
dataset/common_voice_en_22306534.mp3,"However, Weld was not ready to move and both families remained in Lenawee.",twenties,female_feminine,"india and south asia (india, pakistan, sri lanka)"
dataset/common_voice_en_27430146.mp3,This condition is determined by a single polymorphism.,twenties,female_feminine,"india and south asia (india, pakistan, sri lanka)"
dataset/common_voice_en_24026666.mp3,"He resides with his long-time wife, Kit.",twenties,male_masculine,"india and south asia (india, pakistan, sri lanka)"
dataset/common_voice_en_19673994.mp3,Three main routes for the Main South Line were reported on by Mr. Woore.,twenties,male_masculine,"india and south asia (india, pakistan, sri lanka)"
dataset/common_voice_en_27016670.mp3,The County levies a property tax.,twenties,male_masculine,"india and south asia (india, pakistan, sri lanka)"
dataset/common_voice_en_23382337.mp3,He fought in several bloody battles.,twenties,male_masculine,"india and south asia (india, pakistan, sri lanka)"
dataset/common_voice_en_28565796.mp3,"They have a short pale supercilium, and the bill is strong and pointed.",thirties,male_masculine,"india and south asia (india, pakistan, sri lanka)"
dataset/common_voice_en_22257777.mp3,Its lyrics were written by Ashley Cartwright of The Shakes.,twenties,male_masculine,"india and south asia (india, pakistan, sri lanka)"
dataset/common_voice_en_27155647.mp3,The resettlement idea did not get implemented.,twenties,female_feminine,"india and south asia (india, pakistan, sri lanka)"
dataset/common_voice_en_23594073.mp3,"Realizing their fate, they call their families to say goodbye.",thirties,male_masculine,"india and south asia (india, pakistan, sri lanka)"
dataset/common_voice_en_27077793.mp3,"Like Pratchett, he used unique fonts for many of his supporting cast.",twenties,female_feminine,"india and south asia (india, pakistan, sri lanka)"
dataset/common_voice_en_27521902.mp3,"The dungeon level consists of slave quarters, torture chambers, and caverns.",twenties,female_feminine,"india and south asia (india, pakistan, sri lanka)"
dataset/common_voice_en_27214453.mp3,This film is now in the public domain.,twenties,female_feminine,"india and south asia (india, pakistan, sri lanka)"
dataset/common_voice_en_27040689.mp3,It also occurs in some crystalline schist.,twenties,male_masculine,"india and south asia (india, pakistan, sri lanka)"
dataset/common_voice_en_27291998.mp3,"Flint squeezes the poison out of the wound, saving Cramden's life.",twenties,female_feminine,"india and south asia (india, pakistan, sri lanka)"
dataset/common_voice_en_27407331.mp3,"A Texan, he has degrees in mathematics and physics.",twenties,female_feminine,"india and south asia (india, pakistan, sri lanka)"
dataset/common_voice_en_19673166.mp3,He created the first shop for paperbacks.,twenties,male_masculine,"india and south asia (india, pakistan, sri lanka)"
dataset/common_voice_en_27482453.mp3,Several ways of testing exist.,twenties,female_feminine,"india and south asia (india, pakistan, sri lanka)"
dataset/common_voice_en_27046399.mp3,That's What I Call Love written by Neil Finn and Paul Hester.,twenties,male_masculine,"india and south asia (india, pakistan, sri lanka)"
dataset/common_voice_en_28710189.mp3,"Heller was born in Teschen, Austrian Silesia.",thirties,male_masculine,"india and south asia (india, pakistan, sri lanka)"
dataset/common_voice_en_27209907.mp3,But Ampata feels too much for Xander and leaves for the museum.,twenties,male_masculine,"india and south asia (india, pakistan, sri lanka)"
dataset/common_voice_en_23709112.mp3,"After his death, a memorial fund was set up in his name.",twenties,male_masculine,"india and south asia (india, pakistan, sri lanka)"
dataset/common_voice_en_28284615.mp3,She backed out of working on later episodes though.,twenties,male_masculine,"india and south asia (india, pakistan, sri lanka)"
dataset/common_voice_en_19657288.mp3,The company's Chief Executive Officer is Karyn Schoenbart.,twenties,male_masculine,"india and south asia (india, pakistan, sri lanka)"
dataset/common_voice_en_28027775.mp3,It is the birthplace of mathematician James MacCullagh.,twenties,female_feminine,"india and south asia (india, pakistan, sri lanka)"
dataset/common_voice_en_28345566.mp3,He worked as a fireman for six months and held various positions there.,twenties,male_masculine,"india and south asia (india, pakistan, sri lanka)"
dataset/common_voice_en_21942818.mp3,Santo-Dumont suffered only bruises.,twenties,male_masculine,"india and south asia (india, pakistan, sri lanka)"
dataset/common_voice_en_27305734.mp3,"After repairing the transporter and reestablishing voice communications, ""Enterprise"" retreats to a safe distance.",twenties,female_feminine,"india and south asia (india, pakistan, sri lanka)"
dataset/common_voice_en_27290144.mp3,"Subsequently, the band underwent a series of changes in its line-up.",twenties,male_masculine,"india and south asia (india, pakistan, sri lanka)"
dataset/common_voice_en_27169290.mp3,"However, current variants support it.",twenties,male_masculine,"india and south asia (india, pakistan, sri lanka)"
dataset/common_voice_en_22404691.mp3,"Alternate titles considered were ""The Only Way to Love"" and ""Girl Crazy"".",twenties,female_feminine,"india and south asia (india, pakistan, sri lanka)"
dataset/common_voice_en_27468978.mp3,It is one of a few drawbridges on the Interstate Highway System.,twenties,female_feminine,"india and south asia (india, pakistan, sri lanka)"
dataset/common_voice_en_19944367.mp3,"The song won, and automatically advanced to Eurovision.",thirties,male_masculine,"india and south asia (india, pakistan, sri lanka)"
dataset/common_voice_en_27437489.mp3,Variety in sex relations and economic freedom have nothing in common.,twenties,female_feminine,"india and south asia (india, pakistan, sri lanka)"
dataset/common_voice_en_27093362.mp3,"Lyle was born in Louisville, Kentucky.",twenties,female_feminine,"india and south asia (india, pakistan, sri lanka)"
dataset/common_voice_en_27190782.mp3,"In two of these counties, Harghita and Covasna, Hungarians form the majority of inhabitants.",twenties,male_masculine,"india and south asia (india, pakistan, sri lanka)"
dataset/common_voice_en_18861140.mp3,The administrative head of the zone is called General Manager.,twenties,male_masculine,"india and south asia (india, pakistan, sri lanka)"
dataset/common_voice_en_27366235.mp3,All in all Loehlin finds admixture studies inconclusive and recommends more research.,teens,female_feminine,"india and south asia (india, pakistan, sri lanka)"
dataset/common_voice_en_27234649.mp3,She is currently the Saint Gowan lightvessel.,twenties,female_feminine,"india and south asia (india, pakistan, sri lanka)"
dataset/common_voice_en_21269562.mp3,The Punisher used this home as the residence of John Travolta's character Mr. Saint.,twenties,female_feminine,"india and south asia (india, pakistan, sri lanka)"
dataset/common_voice_en_27186953.mp3,"When local farmers have a bad harvest, the Hillsboro economy can also suffer.",fourties,female_feminine,"india and south asia (india, pakistan, sri lanka)"
dataset/common_voice_en_22867245.mp3,"The latter was this reunion's last gig, the project disbanding shortly afterwards.",twenties,male_masculine,"india and south asia (india, pakistan, sri lanka)"
dataset/common_voice_en_27503866.mp3,Many scientific advances were also achieved during this period.,teens,female_feminine,"india and south asia (india, pakistan, sri lanka)"
dataset/common_voice_en_35028619.mp3,"More specifically, he is interested in the computational aspects of algebra and analysis.",thirties,male_masculine,"india and south asia (india, pakistan, sri lanka)"
dataset/common_voice_en_22405011.mp3,I wasn't talking to anybody.,twenties,female_feminine,"india and south asia (india, pakistan, sri lanka)"
dataset/common_voice_en_18638226.mp3,We sell an assortment of screws.,twenties,male_masculine,"india and south asia (india, pakistan, sri lanka)"
dataset/common_voice_en_27039212.mp3,He was of Huguenot descent.,twenties,female_feminine,"india and south asia (india, pakistan, sri lanka)"
dataset/common_voice_en_27157418.mp3,They assigned the infamous identification numbering system using discs.,twenties,male_masculine,"india and south asia (india, pakistan, sri lanka)"
dataset/common_voice_en_22334570.mp3,The series has been enduringly popular.,twenties,male_masculine,"india and south asia (india, pakistan, sri lanka)"
dataset/common_voice_en_27460199.mp3,The mission had exceeded its goals in the first month.,twenties,male_masculine,"india and south asia (india, pakistan, sri lanka)"
dataset/common_voice_en_23735331.mp3,High courts have original and appellate jurisdiction.,twenties,female_feminine,"india and south asia (india, pakistan, sri lanka)"
dataset/common_voice_en_22317252.mp3,"The university is composed of six faculties, spread over three campuses.",twenties,female_feminine,"india and south asia (india, pakistan, sri lanka)"
dataset/common_voice_en_23690748.mp3,"The locomotives were built by three workshops, each with a different naming system.",twenties,female_feminine,"india and south asia (india, pakistan, sri lanka)"
dataset/common_voice_en_18738202.mp3,Dar es Salaam is widely regarded as a desirable family post by expatriates.,twenties,female_feminine,"india and south asia (india, pakistan, sri lanka)"
dataset/common_voice_en_23384473.mp3,That should have been enough.,twenties,male_masculine,"india and south asia (india, pakistan, sri lanka)"
dataset/common_voice_en_18723595.mp3,The name Triggshire has been adopted by different clubs and organizations in the area.,twenties,male_masculine,"india and south asia (india, pakistan, sri lanka)"
dataset/common_voice_en_26989269.mp3,"In the ""Later Judean ministry"" Jesus starts his final journey to Jerusalem through Judea.",twenties,female_feminine,"india and south asia (india, pakistan, sri lanka)"
dataset/common_voice_en_27479913.mp3,It is home to Delta College.,fourties,female_feminine,"india and south asia (india, pakistan, sri lanka)"
dataset/common_voice_en_27407666.mp3,"Hence, for that period, the Lebanese were not distinguished from Syrians.",twenties,female_feminine,"india and south asia (india, pakistan, sri lanka)"
dataset/common_voice_en_23345678.mp3,The head is coloured a dark grey.,twenties,male_masculine,"india and south asia (india, pakistan, sri lanka)"
dataset/common_voice_en_27010542.mp3,"The longer it is depressed, the farther the unit launches.",twenties,male_masculine,"india and south asia (india, pakistan, sri lanka)"
dataset/common_voice_en_23403172.mp3,Lansdowne was a rural constituency in the province's southwestern corner.,twenties,male_masculine,"india and south asia (india, pakistan, sri lanka)"
dataset/common_voice_en_27047601.mp3,It has been described as politically liberal.,twenties,male_masculine,"india and south asia (india, pakistan, sri lanka)"
dataset/common_voice_en_23682239.mp3,"After his playing career ended, Wennington became a radio color commentator for the Bulls.",twenties,male_masculine,"india and south asia (india, pakistan, sri lanka)"
dataset/common_voice_en_27078648.mp3,The samples are sent to an Archaeomagnetic Laboratory for processing.,twenties,female_feminine,"india and south asia (india, pakistan, sri lanka)"
dataset/common_voice_en_18872887.mp3,"He was inspired by the works of Ayn Rand, particularly Atlas Shrugged.",twenties,male_masculine,"india and south asia (india, pakistan, sri lanka)"
dataset/common_voice_en_27018794.mp3,"Other notable songs from the album are ""Halifot,"" ""Hakafa Metzaltzelet"" and ""Rak Po"".",twenties,female_feminine,"india and south asia (india, pakistan, sri lanka)"
dataset/common_voice_en_27228213.mp3,"But, for the most part, she tends to be uninvolved in politics.",fourties,female_feminine,"india and south asia (india, pakistan, sri lanka)"
dataset/common_voice_en_18844774.mp3,Barclay Township was named for an early settler.,fourties,male_masculine,"india and south asia (india, pakistan, sri lanka)"
dataset/common_voice_en_27643945.mp3,The municipality comprises no other population centres.,thirties,male_masculine,"india and south asia (india, pakistan, sri lanka)"
dataset/common_voice_en_21269574.mp3,Hence market prices do not always accurately reflect what people value.,twenties,female_feminine,"india and south asia (india, pakistan, sri lanka)"
dataset/common_voice_en_21399229.mp3,"They were recognized by organizations in the fields of journalism, history, and the arts.",thirties,male_masculine,"india and south asia (india, pakistan, sri lanka)"
dataset/common_voice_en_27257993.mp3,"In reality, the gremlins were a form of ""buck passing"" or deflecting blame.",twenties,male_masculine,"india and south asia (india, pakistan, sri lanka)"
dataset/common_voice_en_18852400.mp3,The Chalaronne flows northwest through the middle of the commune and crosses the village.,twenties,male_masculine,"india and south asia (india, pakistan, sri lanka)"
dataset/common_voice_en_18836252.mp3,And to also try to get friends for the future.,twenties,male_masculine,"india and south asia (india, pakistan, sri lanka)"
dataset/common_voice_en_27564740.mp3,"One of his sunsequent tracks, ""Salty Dog Blues"", became his most famous song.",twenties,female_feminine,"india and south asia (india, pakistan, sri lanka)"
dataset/common_voice_en_27344475.mp3,Her image stands next to other musical greats including Fats Domino.,fourties,male_masculine,"india and south asia (india, pakistan, sri lanka)"
dataset/common_voice_en_30502039.mp3,All the Muslims of Tbilisi at the time were buried in this cemetery.,thirties,male_masculine,"india and south asia (india, pakistan, sri lanka)"
dataset/common_voice_en_27293476.mp3,He wanted never to leave the upper air again.,fourties,female_feminine,"india and south asia (india, pakistan, sri lanka)"
dataset/common_voice_en_23635387.mp3,Penney was traded that offseason to Winnipeg for Brian Hayward.,twenties,male_masculine,"india and south asia (india, pakistan, sri lanka)"
dataset/common_voice_en_27223687.mp3,"Bell Shakespeare has a well-developed education program, conceived by company founder John Bell.",teens,female_feminine,"india and south asia (india, pakistan, sri lanka)"
dataset/common_voice_en_27415958.mp3,The splash pages of the first four chapters all show Matt Murdock lying down.,twenties,female_feminine,"india and south asia (india, pakistan, sri lanka)"
dataset/common_voice_en_27688858.mp3,David also played for the New Orleans Saints and Detroit Lions.,twenties,female_feminine,"india and south asia (india, pakistan, sri lanka)"
dataset/common_voice_en_22405527.mp3,"During his school years, Tyson was often teased about his looks.",twenties,female_feminine,"india and south asia (india, pakistan, sri lanka)"
dataset/common_voice_en_18876175.mp3,Jan Lievens painted him marvelously.,twenties,male_masculine,"india and south asia (india, pakistan, sri lanka)"
dataset/common_voice_en_27286855.mp3,"But the robust, sweet, smooth flavor and cedar notes makes Booker's a favorite.",twenties,male_masculine,"india and south asia (india, pakistan, sri lanka)"
dataset/common_voice_en_22311701.mp3,It is currently represented by Peter Khalil of the Australian Labor Party.,twenties,male_masculine,"india and south asia (india, pakistan, sri lanka)"
dataset/common_voice_en_27047720.mp3,Gubbay had presented a story on her program E!,twenties,male_masculine,"india and south asia (india, pakistan, sri lanka)"
dataset/common_voice_en_22670550.mp3,"Their second single, ""Beatbox"", was featured on ""American Idol"".",twenties,female_feminine,"india and south asia (india, pakistan, sri lanka)"
dataset/common_voice_en_27348056.mp3,Eisenhower and the Hippies was covered by Man or Astro-man?,twenties,female_feminine,"india and south asia (india, pakistan, sri lanka)"
dataset/common_voice_en_27617086.mp3,Holy Spirit was the first in-game vocal theme Sakimoto has written.,twenties,female_feminine,"india and south asia (india, pakistan, sri lanka)"
dataset/common_voice_en_27014828.mp3,Dundas Island was named by Captain George Vancouver in Dundas' honour.,twenties,male_masculine,"india and south asia (india, pakistan, sri lanka)"
dataset/common_voice_en_20386623.mp3,"Members of this genus are sometimes also placed in the genus ""Chrysanthemum"".",twenties,male_masculine,"india and south asia (india, pakistan, sri lanka)"
dataset/common_voice_en_23352735.mp3,Thomas Michael Holt for the Democratic gubernatorial nomination.,thirties,male_masculine,"india and south asia (india, pakistan, sri lanka)"
dataset/common_voice_en_25271708.mp3,"His problems are not merely a result of personal insanity, without larger significance.",twenties,male_masculine,"india and south asia (india, pakistan, sri lanka)"
dataset/common_voice_en_30442358.mp3,Five burial mounds from the Bronze Age have been discovered on the island.,thirties,male_masculine,"india and south asia (india, pakistan, sri lanka)"
dataset/common_voice_en_31709951.mp3,Lieutenant Colonel Elchin Mammadov was appointed commander of the unit.,twenties,male_masculine,"india and south asia (india, pakistan, sri lanka)"
dataset/common_voice_en_18723889.mp3,It now accepts day pupils but is still predominantly a boarding school.,twenties,male_masculine,"india and south asia (india, pakistan, sri lanka)"
dataset/common_voice_en_23354109.mp3,"According to the medieval historian Rodulfus Glaber, Susa was ""the oldest of Alpine towns"".",thirties,male_masculine,"india and south asia (india, pakistan, sri lanka)"
dataset/common_voice_en_23728997.mp3,The driver of the northbound train sought safety in the engine room.,thirties,female_feminine,"india and south asia (india, pakistan, sri lanka)"
dataset/common_voice_en_22511956.mp3,"He participated in two World Championship Formula One Grands Prix, scoring no championship points.",twenties,female_feminine,"india and south asia (india, pakistan, sri lanka)"
dataset/common_voice_en_27474145.mp3,The festival typically lasts four days and is held in the early autumn.,teens,female_feminine,"india and south asia (india, pakistan, sri lanka)"
dataset/common_voice_en_22793145.mp3,"She had also made appearances on the National Lottery Show and ""Blue Peter"".",twenties,male_masculine,"india and south asia (india, pakistan, sri lanka)"
dataset/common_voice_en_30313583.mp3,Things get complicated when Amrita discovers she is pregnant.,twenties,male_masculine,"india and south asia (india, pakistan, sri lanka)"
dataset/common_voice_en_27444937.mp3,Thirteen stars were also included on the obverse.,twenties,female_feminine,"india and south asia (india, pakistan, sri lanka)"
dataset/common_voice_en_27105373.mp3,Its first minister was Charles Marx.,fourties,female_feminine,"india and south asia (india, pakistan, sri lanka)"
dataset/common_voice_en_27273088.mp3,The quarterback can also run the opposite way depending on how the defense reacts.,fourties,female_feminine,"india and south asia (india, pakistan, sri lanka)"
dataset/common_voice_en_22323970.mp3,The complex is named for American humorist and writer Will Rogers.,twenties,female_feminine,"india and south asia (india, pakistan, sri lanka)"
dataset/common_voice_en_27315482.mp3,The house is of three floors.,twenties,female_feminine,"india and south asia (india, pakistan, sri lanka)"
dataset/common_voice_en_22332929.mp3,"Ross's ascent showed Cherokee leaders recognized the importance of educated, English-speaking leaders.",twenties,female_feminine,"india and south asia (india, pakistan, sri lanka)"
dataset/common_voice_en_18711987.mp3,He received the man of the match award for his performance.,twenties,female_feminine,"india and south asia (india, pakistan, sri lanka)"
dataset/common_voice_en_27214039.mp3,"The reference to a malevolent Samaritan is, however, a familiar device of Jewish literature.",twenties,female_feminine,"india and south asia (india, pakistan, sri lanka)"
dataset/common_voice_en_18733670.mp3,"He wrote, illustrated, and published, City Heat, a Collection of Stories and Poems.",twenties,female_feminine,"india and south asia (india, pakistan, sri lanka)"
dataset/common_voice_en_27353621.mp3,It is now owned by Bell Media through its Bell Media Radio division.,twenties,female_feminine,"india and south asia (india, pakistan, sri lanka)"
dataset/common_voice_en_27155646.mp3,Jonah escapes and races back to tell Mike and Larry.,twenties,female_feminine,"india and south asia (india, pakistan, sri lanka)"
dataset/common_voice_en_27467296.mp3,He worked for a while as a lawyer before entering politics.,twenties,female_feminine,"india and south asia (india, pakistan, sri lanka)"
dataset/common_voice_en_27228986.mp3,Rock and Roll Divorce was a half-official release.,fourties,female_feminine,"india and south asia (india, pakistan, sri lanka)"
dataset/common_voice_en_23743194.mp3,"Weeping, Miriam tells him there is no release.",twenties,female_feminine,"india and south asia (india, pakistan, sri lanka)"
dataset/common_voice_en_20457767.mp3,"See also the section of ""Young Adult Readers Novels"" in this article.",fifties,female_feminine,"india and south asia (india, pakistan, sri lanka)"
dataset/common_voice_en_23742197.mp3,Each user-defined function carries certain properties or characteristics.,twenties,female_feminine,"india and south asia (india, pakistan, sri lanka)"
dataset/common_voice_en_27302830.mp3,Alex is determined not to let the past repeat itself and lose her again.,twenties,female_feminine,"india and south asia (india, pakistan, sri lanka)"
dataset/common_voice_en_27293867.mp3,His psychology is good.,fourties,female_feminine,"india and south asia (india, pakistan, sri lanka)"
dataset/common_voice_en_27214360.mp3,The parvocellular nuclei regulate exhalation.,twenties,female_feminine,"india and south asia (india, pakistan, sri lanka)"
dataset/common_voice_en_27287390.mp3,Reginald went to refortify his own castle of Belfort on the Litani River.,twenties,female_feminine,"india and south asia (india, pakistan, sri lanka)"
dataset/common_voice_en_27467641.mp3,The main nucleus of pure eastern wolves is currently concentrated within Algonquin Provincial Park.,twenties,female_feminine,"india and south asia (india, pakistan, sri lanka)"
dataset/common_voice_en_27473993.mp3,This was the same set used to shoot the movie.,twenties,female_feminine,"india and south asia (india, pakistan, sri lanka)"
dataset/common_voice_en_27498770.mp3,"To perform a kamikaze knot, a sheepshank is first constructed.",twenties,female_feminine,"india and south asia (india, pakistan, sri lanka)"
dataset/common_voice_en_27265997.mp3,The Duke of Edinburgh visited the school.,twenties,female_feminine,"india and south asia (india, pakistan, sri lanka)"
dataset/common_voice_en_20129674.mp3,Nearby is Baggy Moor and the River Perry.,teens,female_feminine,"india and south asia (india, pakistan, sri lanka)"
dataset/common_voice_en_21721503.mp3,"Before and during Franklin D. Roosevelt's presidency, the extent of his disability was minimized.",thirties,female_feminine,"india and south asia (india, pakistan, sri lanka)"
dataset/common_voice_en_27375780.mp3,Wiffen subsequently signed to Fantasy Records as a solo artist.,twenties,female_feminine,"india and south asia (india, pakistan, sri lanka)"
dataset/common_voice_en_21269639.mp3,Indian scouts reported to the French that an attack was coming.,twenties,female_feminine,"india and south asia (india, pakistan, sri lanka)"
dataset/common_voice_en_27465143.mp3,Vincent is named after Vincent Avenue which passes through the community.,fourties,female_feminine,"india and south asia (india, pakistan, sri lanka)"
dataset/common_voice_en_27273813.mp3,He was related to West Ham United and Wales midfielder Jack Collison.,twenties,female_feminine,"india and south asia (india, pakistan, sri lanka)"
dataset/common_voice_en_22331970.mp3,"Once this rule has been established, the rule swaps.",twenties,female_feminine,"india and south asia (india, pakistan, sri lanka)"
dataset/common_voice_en_27214684.mp3,Numerous articles reporting conventional radio astronomy observations have been published.,twenties,female_feminine,"india and south asia (india, pakistan, sri lanka)"
dataset/common_voice_en_27449928.mp3,Two heats of three riders were held.,twenties,female_feminine,"india and south asia (india, pakistan, sri lanka)"
dataset/common_voice_en_19677779.mp3,"However, this can also serve as an open path for a possible sequel.",thirties,female_feminine,"india and south asia (india, pakistan, sri lanka)"
dataset/common_voice_en_27605483.mp3,He was known in the legislature as an aggressive debater.,twenties,female_feminine,"india and south asia (india, pakistan, sri lanka)"
dataset/common_voice_en_27214687.mp3,"The couple had four children: Edward Dunwoodie, James Ashmore, Constance Alice, and Eileen Buell.",twenties,female_feminine,"india and south asia (india, pakistan, sri lanka)"
dataset/common_voice_en_27207170.mp3,Both spellings are equally valid.,twenties,female_feminine,"india and south asia (india, pakistan, sri lanka)"
dataset/common_voice_en_22404565.mp3,Victor Hugo Sibille was the first mayor.,twenties,female_feminine,"india and south asia (india, pakistan, sri lanka)"
dataset/common_voice_en_27427941.mp3,Fuel delivery was accomplished with sequential multi-port fuel injection with dual spray injectors.,twenties,female_feminine,"india and south asia (india, pakistan, sri lanka)"
dataset/common_voice_en_27195209.mp3,It is the gateway to the Valley of a Thousand Hills.,twenties,female_feminine,"india and south asia (india, pakistan, sri lanka)"
dataset/common_voice_en_27107703.mp3,"His band, Manalive, recorded at the famous Sun Records Studio in Memphis, Tennessee.",twenties,female_feminine,"india and south asia (india, pakistan, sri lanka)"
dataset/common_voice_en_27039226.mp3,Laurie is a sculptor working in marble and clay and exhibits her work.,twenties,female_feminine,"india and south asia (india, pakistan, sri lanka)"
dataset/common_voice_en_27181180.mp3,"Peak Musala has an alpine climate with cold, long winters and short, cool summers.",fourties,female_feminine,"india and south asia (india, pakistan, sri lanka)"
dataset/common_voice_en_27274114.mp3,Andy Soucek replaced Parente as the reserve driver.,twenties,female_feminine,"india and south asia (india, pakistan, sri lanka)"
dataset/common_voice_en_27207388.mp3,"He co-owns a heritage vehicle shipping and delivery company, Bespoke Handling.",twenties,female_feminine,"india and south asia (india, pakistan, sri lanka)"
dataset/common_voice_en_27315614.mp3,All songs written by Ryan Miller.,twenties,female_feminine,"india and south asia (india, pakistan, sri lanka)"
dataset/common_voice_en_20457690.mp3,"With the little energy she has left, Eva escapes.",fifties,female_feminine,"india and south asia (india, pakistan, sri lanka)"
dataset/common_voice_en_27190427.mp3,"It is unstaffed, and the only passenger facilities are standard shelters on each platform.",twenties,female_feminine,"india and south asia (india, pakistan, sri lanka)"
dataset/common_voice_en_27107652.mp3,"Elkhorn Peak is the county's highest point, at above sea level.",twenties,female_feminine,"india and south asia (india, pakistan, sri lanka)"
dataset/common_voice_en_27292113.mp3,"Meanwhile, Rusty, hurting after his divorce, finds love again when he meets Cosmic Rae.",twenties,female_feminine,"india and south asia (india, pakistan, sri lanka)"
dataset/common_voice_en_22441039.mp3,"Registered users can provide opinions, commentary, reviews, previews, evaluations and analysis.",twenties,female_feminine,"india and south asia (india, pakistan, sri lanka)"
dataset/common_voice_en_27091185.mp3,Beyond this point the flow rate increases steadily with increasing shear stress.,twenties,female_feminine,"india and south asia (india, pakistan, sri lanka)"
dataset/common_voice_en_33508261.mp3,Kerr played four years for the Ohio State Buckeyes.,twenties,female_feminine,"india and south asia (india, pakistan, sri lanka)"
dataset/common_voice_en_27287518.mp3,Only stations available on Comcast in the Bad Axe area are listed below.,twenties,female_feminine,"india and south asia (india, pakistan, sri lanka)"
dataset/common_voice_en_27305850.mp3,The call is a loud grating noise like Sandwich tern.,twenties,female_feminine,"india and south asia (india, pakistan, sri lanka)"
dataset/common_voice_en_22510667.mp3,"It's not right for you, don't marry him.",twenties,female_feminine,"india and south asia (india, pakistan, sri lanka)"
dataset/common_voice_en_27169723.mp3,It also fired from a closed bolt along with using blowback for its action.,twenties,female_feminine,"india and south asia (india, pakistan, sri lanka)"
dataset/common_voice_en_22404875.mp3,"Soon, many guitar manufacturers began producing instruments with these modifications as standard.",twenties,female_feminine,"india and south asia (india, pakistan, sri lanka)"
dataset/common_voice_en_27369286.mp3,It was the first time a former city joined another local government unit.,twenties,female_feminine,"india and south asia (india, pakistan, sri lanka)"
dataset/common_voice_en_22356425.mp3,Much more work went into it.,twenties,female_feminine,"india and south asia (india, pakistan, sri lanka)"
dataset/common_voice_en_19948734.mp3,His explanation of this phenomenon was subsequently published in Micrography Observ.,thirties,female_feminine,"india and south asia (india, pakistan, sri lanka)"
dataset/common_voice_en_27428108.mp3,It ended by the River Rother at a pier.,twenties,female_feminine,"india and south asia (india, pakistan, sri lanka)"
dataset/common_voice_en_27449187.mp3,Cuba accepted an invitation to take part as a guest in the tournament.,twenties,female_feminine,"india and south asia (india, pakistan, sri lanka)"
dataset/common_voice_en_27091707.mp3,Up till then life was pretty great.,teens,female_feminine,"india and south asia (india, pakistan, sri lanka)"
dataset/common_voice_en_27166546.mp3,"Sallust adopted an abrupt, pointed style in his historical works.",twenties,female_feminine,"india and south asia (india, pakistan, sri lanka)"
dataset/common_voice_en_27212201.mp3,"About a year later, Seleucus was killed by a fall from his horse.",fourties,female_feminine,"india and south asia (india, pakistan, sri lanka)"
dataset/common_voice_en_27437123.mp3,"Recipients were recognised for extraordinary heroism, dedication, and courage demonstrated on the battlefield.",twenties,female_feminine,"india and south asia (india, pakistan, sri lanka)"
dataset/common_voice_en_27286253.mp3,"In office, Mackenzie was known as a passionate supporter of labour interests within cabinet.",twenties,female_feminine,"india and south asia (india, pakistan, sri lanka)"
dataset/common_voice_en_27195441.mp3,It grows primarily on foredunes and dune crests.,twenties,female_feminine,"india and south asia (india, pakistan, sri lanka)"
dataset/common_voice_en_22510311.mp3,Sport of basketball has increased in popularity among elite deaf athletes around the world.,twenties,female_feminine,"india and south asia (india, pakistan, sri lanka)"
dataset/common_voice_en_27479341.mp3,Redfoo also announced his departure the following month.,twenties,female_feminine,"india and south asia (india, pakistan, sri lanka)"
dataset/common_voice_en_27507571.mp3,The government also has made major strides in restructuring the public finances.,twenties,female_feminine,"india and south asia (india, pakistan, sri lanka)"
dataset/common_voice_en_27307220.mp3,"McGrath's autobiography, ""Back from the Brink"", co-written with journalist Vincent Hogan.",twenties,female_feminine,"india and south asia (india, pakistan, sri lanka)"
dataset/common_voice_en_27407744.mp3,His daughter Tulsi Kumar is a playback singer.,twenties,female_feminine,"india and south asia (india, pakistan, sri lanka)"
dataset/common_voice_en_27305977.mp3,Joey had some bad luck in terms of his acting career.,twenties,female_feminine,"india and south asia (india, pakistan, sri lanka)"
dataset/common_voice_en_23803377.mp3,San Antonio reporter John Whisler called the bout San Antonio's Fight of the Year.,twenties,female_feminine,"india and south asia (india, pakistan, sri lanka)"
dataset/common_voice_en_18738511.mp3,It currently airs a mix of classic country music.,twenties,female_feminine,"india and south asia (india, pakistan, sri lanka)"
dataset/common_voice_en_22533051.mp3,"He encouraged the poet John Skelton, who wrote the elegy on his father.",twenties,female_feminine,"india and south asia (india, pakistan, sri lanka)"
dataset/common_voice_en_27269995.mp3,The axes of the resulting ellipse are the resulting polarization directions.,fourties,female_feminine,"india and south asia (india, pakistan, sri lanka)"
dataset/common_voice_en_27453974.mp3,These channels mainly for malayali people residing outside India.,twenties,female_feminine,"india and south asia (india, pakistan, sri lanka)"
dataset/common_voice_en_27289537.mp3,"The service will provide information, interaction and entertainment.",twenties,female_feminine,"india and south asia (india, pakistan, sri lanka)"
dataset/common_voice_en_27006599.mp3,Access to the island is according to Scottish right to roam legislation.,twenties,female_feminine,"india and south asia (india, pakistan, sri lanka)"
dataset/common_voice_en_22307128.mp3,See also: tangent space to a functor.,twenties,female_feminine,"india and south asia (india, pakistan, sri lanka)"
dataset/common_voice_en_27527201.mp3,He was also chairman of the Anglo-Scottish Sugar Beet Corporation.,twenties,female_feminine,"india and south asia (india, pakistan, sri lanka)"
dataset/common_voice_en_27315437.mp3,"As a civil servant, he reports to the Prime Minister.",twenties,female_feminine,"india and south asia (india, pakistan, sri lanka)"
dataset/common_voice_en_22358050.mp3,"Typically, they are also capable warriors.",twenties,female_feminine,"india and south asia (india, pakistan, sri lanka)"
dataset/common_voice_en_21764510.mp3,"With that, Boone runs away.",thirties,female_feminine,"india and south asia (india, pakistan, sri lanka)"
dataset/common_voice_en_27454470.mp3,He was released following the season.,twenties,female_feminine,"india and south asia (india, pakistan, sri lanka)"
dataset/common_voice_en_27474108.mp3,Paul contacts the National Guard for help.,teens,female_feminine,"india and south asia (india, pakistan, sri lanka)"
dataset/common_voice_en_27357562.mp3,"The invention assures that doors, drawers and lift systems close gently and silently.",twenties,female_feminine,"india and south asia (india, pakistan, sri lanka)"
dataset/common_voice_en_27280895.mp3,Environmental education has crossover with multiple other disciplines.,twenties,female_feminine,"india and south asia (india, pakistan, sri lanka)"
dataset/common_voice_en_27006265.mp3,It lies east of Horton in Ribblesdale.,twenties,female_feminine,"india and south asia (india, pakistan, sri lanka)"
dataset/common_voice_en_27173688.mp3,Supernatural beings are considered citizens with most of the rights of regular humans.,twenties,female_feminine,"india and south asia (india, pakistan, sri lanka)"
dataset/common_voice_en_27482384.mp3,The unique glass front and brown sided building is located in the downtown core.,twenties,female_feminine,"india and south asia (india, pakistan, sri lanka)"
dataset/common_voice_en_27106102.mp3,Some episodes in the second season were aired out of their intended chronological sequence.,fourties,female_feminine,"india and south asia (india, pakistan, sri lanka)"
dataset/common_voice_en_22325203.mp3,"Eoin Kennedy, the Dual All Ireland Handball Senior Singles Champion, is a club member.",twenties,female_feminine,"india and south asia (india, pakistan, sri lanka)"
dataset/common_voice_en_28027797.mp3,He also occasionally did voice-over work from his home.,twenties,female_feminine,"india and south asia (india, pakistan, sri lanka)"
dataset/common_voice_en_27349649.mp3,"In older species, such as fish, the archipallium makes up most of the cerebrum.",twenties,female_feminine,"india and south asia (india, pakistan, sri lanka)"
dataset/common_voice_en_27289520.mp3,This is true for both children and adults.,fourties,female_feminine,"india and south asia (india, pakistan, sri lanka)"
dataset/common_voice_en_22306081.mp3,"Via the Wabash and Ohio rivers, it is part of the Mississippi River watershed.",twenties,female_feminine,"india and south asia (india, pakistan, sri lanka)"
dataset/common_voice_en_27591650.mp3,The Beetle automobile platform is preferred for a variety of reasons.,twenties,female_feminine,"india and south asia (india, pakistan, sri lanka)"
dataset/common_voice_en_19965805.mp3,In his institution patients from all over Europe were treated.,twenties,female_feminine,"india and south asia (india, pakistan, sri lanka)"
dataset/common_voice_en_28084771.mp3,Boughton Primary School is in Moulton Road.,twenties,female_feminine,"india and south asia (india, pakistan, sri lanka)"
dataset/common_voice_en_22533192.mp3,"Farmers found the surface broken and ledgy, better suited for grazing than cultivation.",twenties,female_feminine,"india and south asia (india, pakistan, sri lanka)"
dataset/common_voice_en_27195957.mp3,"The family surname is pronounced ""Troobridge"".",twenties,female_feminine,"india and south asia (india, pakistan, sri lanka)"
dataset/common_voice_en_27196192.mp3,A supply ship visits Pitt Island about every three months.,twenties,female_feminine,"india and south asia (india, pakistan, sri lanka)"
dataset/common_voice_en_27210891.mp3,"Interestingly, there was collusion between the two.",twenties,female_feminine,"india and south asia (india, pakistan, sri lanka)"
dataset/common_voice_en_27358830.mp3,He would also start many that were left unfinished.,twenties,female_feminine,"india and south asia (india, pakistan, sri lanka)"
dataset/common_voice_en_28027935.mp3,"There are four described species, found in southern and eastern Africa.",twenties,female_feminine,"india and south asia (india, pakistan, sri lanka)"
dataset/common_voice_en_27171180.mp3,"Additionally, a moderated forum, user statistics, and a hall-of-fame are available.",fourties,female_feminine,"india and south asia (india, pakistan, sri lanka)"
dataset/common_voice_en_33508512.mp3,He believes in ground level action.,twenties,female_feminine,"india and south asia (india, pakistan, sri lanka)"
dataset/common_voice_en_27319125.mp3,We do not get the proper run for our money.,teens,female_feminine,"india and south asia (india, pakistan, sri lanka)"
dataset/common_voice_en_27688787.mp3,"Their After you, Alphonse.",twenties,female_feminine,"india and south asia (india, pakistan, sri lanka)"
dataset/common_voice_en_27154863.mp3,The Quakers played an instrumental role in aiding escaped slaves on the underground railroad.,twenties,female_feminine,"india and south asia (india, pakistan, sri lanka)"
dataset/common_voice_en_22432636.mp3,Pharmacy professional are in demand nowadays.,twenties,female_feminine,"india and south asia (india, pakistan, sri lanka)"
dataset/common_voice_en_27444645.mp3,Seymour Road in Hong Kong Island was named after him.,fourties,female_feminine,"india and south asia (india, pakistan, sri lanka)"
dataset/common_voice_en_27521576.mp3,However training schemes vary and different pathways may be available.,twenties,female_feminine,"india and south asia (india, pakistan, sri lanka)"
dataset/common_voice_en_27481850.mp3,They earmarked the money for debt payments and upgrading company offices.,twenties,female_feminine,"india and south asia (india, pakistan, sri lanka)"
dataset/common_voice_en_18631432.mp3,"Beware the Jabberwock, my son!",twenties,female_feminine,"india and south asia (india, pakistan, sri lanka)"
dataset/common_voice_en_27172830.mp3,On it lies a man overseeing a scene of chaos with a disinterested eye.,twenties,female_feminine,"india and south asia (india, pakistan, sri lanka)"
dataset/common_voice_en_27331650.mp3,Apollonius itself is located to the east-northeast.,teens,female_feminine,"india and south asia (india, pakistan, sri lanka)"
dataset/common_voice_en_27898151.mp3,Joseph Williams provides backing vocals on five of the tracks.,twenties,female_feminine,"india and south asia (india, pakistan, sri lanka)"
dataset/common_voice_en_27039003.mp3,The unincorporated community of New Paris is also located in the town.,twenties,female_feminine,"india and south asia (india, pakistan, sri lanka)"
dataset/common_voice_en_28027883.mp3,"In the United Kingdom and Ireland, it airs on Trouble.",twenties,female_feminine,"india and south asia (india, pakistan, sri lanka)"
dataset/common_voice_en_18750860.mp3,Metrowerks subsequently used the name for their new developer product.,twenties,female_feminine,"india and south asia (india, pakistan, sri lanka)"
dataset/common_voice_en_18733219.mp3,"Dilshan's brother, Tillakaratne Sampath, is a first-class cricketer in Sri Lanka.",twenties,female_feminine,"india and south asia (india, pakistan, sri lanka)"
dataset/common_voice_en_27211086.mp3,The band took a low-stress approach to this album.,fourties,female_feminine,"india and south asia (india, pakistan, sri lanka)"
dataset/common_voice_en_27407804.mp3,The Attica High School mascot is Bulldogs.,twenties,female_feminine,"india and south asia (india, pakistan, sri lanka)"
dataset/common_voice_en_27461977.mp3,"He interviewed such luminaries as Frank Sinatra, Hank Williams, Elvis Presley, and Fats Domino.",twenties,female_feminine,"india and south asia (india, pakistan, sri lanka)"
dataset/common_voice_en_27265558.mp3,The first material used for lasers was synthetic ruby crystals.,twenties,female_feminine,"india and south asia (india, pakistan, sri lanka)"
dataset/common_voice_en_27169616.mp3,"The latter was a combination drinking fountain, fire hydrant, and watering basin for animals.",twenties,female_feminine,"india and south asia (india, pakistan, sri lanka)"
dataset/common_voice_en_22303901.mp3,"The bay had two inshore sand banks, the North Bull and the South Bull.",twenties,female_feminine,"india and south asia (india, pakistan, sri lanka)"
dataset/common_voice_en_19633239.mp3,The victim is renamed Magdalene Kruschen and is played by German actress Elke Sommer.,twenties,female_feminine,"india and south asia (india, pakistan, sri lanka)"
dataset/common_voice_en_27203481.mp3,"If Mikoyan had discovered this he would, according to his children, have become furious.",teens,female_feminine,"india and south asia (india, pakistan, sri lanka)"
dataset/common_voice_en_27482005.mp3,"It was billed as the ""biggest Reggae festival in the history of the world"".",twenties,female_feminine,"india and south asia (india, pakistan, sri lanka)"
dataset/common_voice_en_27270273.mp3,"The dust is an irritant to skin, eyes and lungs.",twenties,female_feminine,"india and south asia (india, pakistan, sri lanka)"
dataset/common_voice_en_36742181.mp3,"The coast here is part of the Jurassic Coast, a World Heritage Site.",teens,female_feminine,"india and south asia (india, pakistan, sri lanka)"
dataset/common_voice_en_27204165.mp3,James Gold Andrews in command.,twenties,female_feminine,"india and south asia (india, pakistan, sri lanka)"
dataset/common_voice_en_27012948.mp3,Eltville is the biggest town in the Rheingau.,twenties,female_feminine,"india and south asia (india, pakistan, sri lanka)"
dataset/common_voice_en_21269332.mp3,This made the date unusually frequent in the register.,twenties,female_feminine,"india and south asia (india, pakistan, sri lanka)"
dataset/common_voice_en_27462610.mp3,"Eventually, streaming was incorporated into the sales chart.",twenties,female_feminine,"india and south asia (india, pakistan, sri lanka)"
dataset/common_voice_en_27294859.mp3,"Duff was the first Canadian to hold the position, even in the interim.",twenties,female_feminine,"india and south asia (india, pakistan, sri lanka)"
dataset/common_voice_en_18840821.mp3,The system is sold under the brand name Rhinostat.,twenties,female_feminine,"india and south asia (india, pakistan, sri lanka)"
dataset/common_voice_en_27012412.mp3,The first heritage coast was Beachy Head with its famous white cliffs.,twenties,female_feminine,"india and south asia (india, pakistan, sri lanka)"
dataset/common_voice_en_27479485.mp3,Some contain substances like grains half peeled.,twenties,female_feminine,"india and south asia (india, pakistan, sri lanka)"
dataset/common_voice_en_27320627.mp3,Such children are also described as backward.,twenties,female_feminine,"india and south asia (india, pakistan, sri lanka)"
dataset/common_voice_en_22413289.mp3,The college cricket ground is used by the college cricket team.,twenties,female_feminine,"india and south asia (india, pakistan, sri lanka)"
dataset/common_voice_en_27169667.mp3,"Their three aspects are ""Will"", ""Wisdom"" and ""Activity"".",twenties,female_feminine,"india and south asia (india, pakistan, sri lanka)"
dataset/common_voice_en_27274056.mp3,A new trial was ordered.,twenties,female_feminine,"india and south asia (india, pakistan, sri lanka)"
dataset/common_voice_en_27407105.mp3,It's a noun and it's an adjective.,twenties,female_feminine,"india and south asia (india, pakistan, sri lanka)"
